"id,symbol,name,current_price,market_cap,total_volume,high_24h,low_24h,price_change_pct,fetched_at"
"bitcoin,btc,Bitcoin,116080.0,2312744333622,27525974100.0,116191.0,115304.0,0.0685,20250914T022720Z"
"ethereum,eth,Ethereum,4687.29,565675006087,29363810919.0,4762.74,4614.47,-0.46003,20250914T022720Z"
"ripple,xrp,XRP,3.12,186231135916,4979629469.0,3.18,3.09,0.64212,20250914T022720Z"
"tether,usdt,Tether,1.001,170316659727,83401843333.0,1.001,1.0,0.00193,20250914T022720Z"
"solana,sol,Solana,246.83,133882270587,7778905767.0,246.99,236.81,1.78824,20250914T022720Z"
"binancecoin,bnb,BNB,937.36,130466471595,1619174528.0,942.46,923.88,0.92527,20250914T022720Z"
"usd-coin,usdc,USDC,0.999742,73171230459,12804804172.0,0.999827,0.99965,-0.00216,20250914T022720Z"
"dogecoin,doge,Dogecoin,0.292897,44224506652,8928215602.0,0.30433,0.278145,5.21139,20250914T022720Z"
"staked-ether,steth,Lido Staked Ether,4675.5,40273779269,61725060.0,4749.78,4605.25,-0.51708,20250914T022720Z"
"cardano,ada,Cardano,0.928274,33880435532,2226317980.0,0.95164,0.915271,0.08525,20250914T022720Z"
"tron,trx,TRON,0.351087,33234386895,674412708.0,0.354627,0.34823,-0.27678,20250914T022720Z"
"wrapped-steth,wsteth,Wrapped stETH,5674.22,17681025402,56482753.0,5769.04,5593.72,-0.50544,20250914T022720Z"
"chainlink,link,Chainlink,24.96,16934688908,1004670452.0,25.57,24.56,-0.28827,20250914T022720Z"
"wrapped-beacon-eth,wbeth,Wrapped Beacon ETH,5053.42,15990645689,22209227.0,5136.93,4975.33,-0.4753,20250914T022720Z"
"hyperliquid,hype,Hyperliquid,55.16,14950491304,535559880.0,56.69,54.31,-0.79755,20250914T022720Z"
"wrapped-bitcoin,wbtc,Wrapped Bitcoin,116069.0,14769582157,123593549.0,116167.0,115343.0,0.18908,20250914T022720Z"
"sui,sui,Sui,3.8,13551301698,1545514775.0,3.87,3.72,1.84163,20250914T022720Z"
"ethena-usde,usde,Ethena USDe,1.002,13453634678,261474823.0,1.003,0.999927,-0.0053,20250914T022720Z"
"stellar,xlm,Stellar,0.403878,12848866199,240079486.0,0.413806,0.398825,0.00349,20250914T022720Z"
"avalanche-2,avax,Avalanche,30.13,12718196531,1463345128.0,31.15,28.94,4.11337,20250914T022720Z"
"wrapped-eeth,weeth,Wrapped eETH,5032.83,12592105824,21779376.0,5113.83,4954.86,-0.58156,20250914T022720Z"
"figure-heloc,figr_heloc,Figure Heloc,1.0,12381349390,539696.0,1.03,1.0,-1.07971,20250914T022720Z"
"bitcoin-cash,bch,Bitcoin Cash,595.4,11868914049,332222506.0,605.36,592.28,-0.16422,20250914T022720Z"
"weth,weth,WETH,4685.37,11205877911,325489235.0,4762.72,4617.17,-0.60331,20250914T022720Z"
"hedera-hashgraph,hbar,Hedera,0.247451,10475558819,262194073.0,0.254427,0.244479,0.83555,20250914T022720Z"
"litecoin,ltc,Litecoin,118.65,9059283300,759280468.0,120.68,117.56,0.591,20250914T022720Z"
"leo-token,leo,LEO Token,9.58,8845943247,732892.0,9.66,9.56,-0.42445,20250914T022720Z"
"shiba-inu,shib,Shiba Inu,1.423e-05,8376647726,550882859.0,1.477e-05,1.394e-05,1.74377,20250914T022720Z"
"crypto-com-chain,cro,Cronos,0.247999,8342250399,50310678.0,0.255365,0.245958,-1.61404,20250914T022720Z"
"the-open-network,ton,Toncoin,3.24,8335935701,158443367.0,3.27,3.2,0.26686,20250914T022720Z"
"usds,usds,USDS,0.999489,7938871411,6711387.0,0.999919,0.999184,-0.00807,20250914T022720Z"
"polkadot,dot,Polkadot,4.48,6819071735,484238565.0,4.61,4.32,3.59453,20250914T022720Z"
"binance-bridged-usdt-bnb-smart-chain,bsc-usd,Binance Bridged USDT (BNB Smart Chain),1.0,6786613023,2647036862.0,1.001,1.0,-0.00051,20250914T022720Z"
"coinbase-wrapped-btc,cbbtc,Coinbase Wrapped BTC,116075.0,6656447961,274457283.0,116215.0,115318.0,0.10958,20250914T022720Z"
"whitebit,wbt,WhiteBIT Coin,44.35,6391049109,25168234.0,44.49,43.9,-0.00021,20250914T022720Z"
"uniswap,uni,Uniswap,10.1,6064249044,329036721.0,10.34,9.97,-0.73902,20250914T022720Z"
"world-liberty-financial,wlfi,World Liberty Financial,0.221362,6034077366,608769473.0,0.229373,0.204011,8.50451,20250914T022720Z"
"ethena-staked-usde,susde,Ethena Staked USDe,1.2,5932344828,9405365.0,1.2,1.2,-0.00173,20250914T022720Z"
"monero,xmr,Monero,288.33,5318218567,69890551.0,289.76,284.24,1.3064,20250914T022720Z"
"mantle,mnt,Mantle,1.63,5290357121,416985215.0,1.76,1.62,-5.76653,20250914T022720Z"
"ethena,ena,Ethena,0.757608,5220513430,487870962.0,0.777047,0.751094,-1.79907,20250914T022720Z"
"pepe,pepe,Pepe,1.195e-05,5025705983,1564083313.0,1.256e-05,1.168e-05,-0.23444,20250914T022720Z"
"aave,aave,Aave,314.6,4791117280,343115578.0,321.0,310.93,-1.24798,20250914T022720Z"
"bitget-token,bgb,Bitget Token,5.04,4630466377,251035340.0,5.09,4.94,2.01551,20250914T022720Z"
"dai,dai,Dai,0.999237,4577211748,89668921.0,1.001,0.999007,-0.078,20250914T022720Z"
"okb,okb,OKB,200.6,4216546116,211745248.0,207.31,197.57,1.06508,20250914T022720Z"
"memecore,m,MemeCore,2.43,4073886738,37475503.0,2.48,2.2,10.40669,20250914T022720Z"
"jito-staked-sol,jitosol,Jito Staked SOL,303.46,3708692072,37491145.0,303.67,291.15,1.80165,20250914T022720Z"
"near,near,NEAR Protocol,2.81,3505291418,196760460.0,2.89,2.77,0.62066,20250914T022720Z"
"bittensor,tao,Bittensor,359.32,3448616370,73776168.0,369.44,354.66,-0.0507,20250914T022720Z"
"ondo-finance,ondo,Ondo,1.081,3418413310,217570273.0,1.12,1.07,-1.04026,20250914T022720Z"
"ethereum-classic,etc,Ethereum Classic,21.98,3374287696,148155830.0,22.45,21.75,-0.10692,20250914T022720Z"
"worldcoin-wld,wld,Worldcoin,1.62,3268054018,466403103.0,1.68,1.59,-1.81314,20250914T022720Z"
"aptos,apt,Aptos,4.64,3251154358,557677860.0,4.74,4.6,0.46171,20250914T022720Z"
"story-2,ip,Story,9.69,3024237121,46581114.0,9.92,9.56,0.33689,20250914T022720Z"
"pi-network,pi,Pi Network,0.371408,3006577932,67638050.0,0.376229,0.362475,1.21544,20250914T022720Z"
"binance-staked-sol,bnsol,Binance Staked SOL,264.97,2978332581,10722896.0,265.15,253.74,1.99805,20250914T022720Z"
"polygon-ecosystem-token,pol,POL (ex-MATIC),0.283411,2972056180,174350383.0,0.287276,0.274723,3.11969,20250914T022720Z"
"arbitrum,arb,Arbitrum,0.540941,2863751661,327406400.0,0.557213,0.531688,-0.50946,20250914T022720Z"
"usdt0,usdt0,USDT0,1.0,2859897533,329873940.0,1.003,0.999213,0.09206,20250914T022720Z"
"binance-peg-weth,weth,Binance-Peg WETH,4690.05,2837266257,56868191.0,4764.94,4614.87,-0.36136,20250914T022720Z"
"pump-fun,pump,Pump.fun,0.00789332,2756368605,959398767.0,0.00789144,0.00622982,22.17839,20250914T022720Z"
"internet-computer,icp,Internet Computer,5.03,2708404832,62745975.0,5.16,4.97,0.97286,20250914T022720Z"
"usd1-wlfi,usd1,USD1,0.999762,2637862658,246941217.0,1.0,0.999322,-0.02543,20250914T022720Z"
"kaspa,kas,Kaspa,0.089268,2352996223,45791413.0,0.090895,0.087546,1.01403,20250914T022720Z"
"pudgy-penguins,pengu,Pudgy Penguins,0.03625626,2279055316,450475339.0,0.03761264,0.0354786,-1.23739,20250914T022720Z"
"cosmos,atom,Cosmos Hub,4.82,2255860952,130075561.0,4.88,4.75,1.3521,20250914T022720Z"
"jupiter-perpetuals-liquidity-provider-token,jlp,Jupiter Perpetuals Liquidity Provider Token,5.92,2234805988,43052615.0,5.92,5.8,0.87705,20250914T022720Z"
"blackrock-usd-institutional-digital-liquidity-fund,buidl,BlackRock USD Institutional Digital Liquidity Fund,1.0,2209200082,0.0,1.0,1.0,0.0,20250914T022720Z"
"algorand,algo,Algorand,0.251884,2204235787,88116938.0,0.259814,0.247911,1.34755,20250914T022720Z"
"vechain,vet,VeChain,0.02549734,2192332703,54022349.0,0.02593417,0.02520577,0.79622,20250914T022720Z"
"kinetic-staked-hype,khype,Kinetiq Staked HYPE,55.44,2189554656,44238395.0,56.88,54.47,-0.45208,20250914T022720Z"
"rocket-pool-eth,reth,Rocket Pool ETH,5360.36,2119985295,8565809.0,5449.18,5281.63,-0.54158,20250914T022720Z"
"myx-finance,myx,MYX Finance,11.04,2109581748,273825251.0,14.75,10.88,-20.89208,20250914T022720Z"
"render-token,render,Render,4.04,2093734741,73698052.0,4.13,3.97,0.98448,20250914T022720Z"
"gatechain-token,gt,Gate,17.26,2061752647,16788173.0,17.48,17.21,-0.63102,20250914T022720Z"
"sei-network,sei,Sei,0.341865,2053314427,204986123.0,0.356762,0.338174,-0.24634,20250914T022720Z"
"kucoin-shares,kcs,KuCoin,16.07,2045874556,7955593.0,16.09,15.3,4.97101,20250914T022720Z"
"kelp-dao-restaked-eth,rseth,Kelp DAO Restaked ETH,4926.1,2043426797,886056.0,5008.28,4853.52,-0.64472,20250914T022720Z"
"susds,susds,sUSDS,1.066,2012605012,11027813.0,1.085,1.056,-0.87185,20250914T022720Z"
"bonk,bonk,Bonk,2.584e-05,2001272499,587037477.0,2.727e-05,2.538e-05,-1.28151,20250914T022720Z"
"fasttoken,ftn,Fasttoken,4.49,1938609890,59799258.0,4.5,4.47,-0.17539,20250914T022720Z"
"hash-2,hash,Provenance Blockchain,0.03855473,1889812189,35728.0,0.03965554,0.03263622,-0.94136,20250914T022720Z"
"official-trump,trump,Official Trump,9.17,1834617614,590887104.0,9.46,9.02,1.58099,20250914T022720Z"
"usdtb,usdtb,USDtb,0.999445,1818341536,2490820.0,1.001,0.998187,-0.03093,20250914T022720Z"
"filecoin,fil,Filecoin,2.62,1802044181,172869636.0,2.65,2.57,1.79213,20250914T022720Z"
"fetch-ai,fet,Artificial Superintelligence Alliance,0.685216,1784744289,74321448.0,0.697771,0.676403,0.75022,20250914T022720Z"
"sky,sky,Sky,0.075951,1776860840,20458370.0,0.077672,0.073274,3.05039,20250914T022720Z"
"stakewise-v3-oseth,oseth,StakeWise Staked ETH,4929.65,1770917812,873651.0,5011.6,4859.84,-0.6406,20250914T022720Z"
"falcon-finance,usdf,Falcon USD,1.0,1758916672,27844455.0,1.002,0.997926,0.14772,20250914T022720Z"
"jupiter-exchange-solana,jup,Jupiter,0.551391,1714693467,66525894.0,0.561019,0.537037,-1.15927,20250914T022720Z"
"bfusd,bfusd,BFUSD,1.0,1700512271,7311351.0,1.001,1.0,0.01329,20250914T022720Z"
"flare-networks,flr,Flare,0.02292342,1696418256,7548254.0,0.0234924,0.02267877,-0.05607,20250914T022720Z"
"liquid-staked-ethereum,lseth,Liquid Staked ETH,5060.02,1686083218,728352.0,5135.74,4980.97,-0.5937,20250914T022720Z"
"lombard-staked-btc,lbtc,Lombard Staked BTC,116097.0,1534094960,8286554.0,116365.0,115389.0,0.02471,20250914T022720Z"
"quant-network,qnt,Quant,104.67,1521517756,18379517.0,105.18,102.28,2.25439,20250914T022720Z"
"renzo-restaked-eth,ezeth,Renzo Restaked ETH,4953.81,1473593830,2136165.0,5031.82,4880.35,-0.6263,20250914T022720Z"
"polygon-bridged-usdt-polygon,usdt,Polygon Bridged USDT (Polygon),1.0,1457812893,28276962.0,1.001,1.0,-0.01173,20250914T022720Z"
"optimism,op,Optimism,0.817685,1454360655,203068457.0,0.833956,0.799547,2.18468,20250914T022720Z"
"celestia,tia,Celestia,1.85,1446361292,85098126.0,1.9,1.83,0.40154,20250914T022720Z"
"injective-protocol,inj,Injective,14.52,1417744571,107381874.0,14.86,14.3,0.76476,20250914T022720Z"
"jupiter-staked-sol,jupsol,Jupiter Staked SOL,280.62,1406194980,18758759.0,280.89,268.31,1.88196,20250914T022720Z"
"xdce-crowd-sale,xdc,XDC Network,0.07779,1378531624,36975291.0,0.079485,0.076594,1.41307,20250914T022720Z"
"tether-gold,xaut,Tether Gold,3639.77,1367335987,18575895.0,3653.96,3627.75,-0.38833,20250914T022720Z"
"spx6900,spx,SPX6900,1.46,1356125640,30947715.0,1.49,1.41,-0.31747,20250914T022720Z"
"paypal-usd,pyusd,PayPal USD,0.999869,1347576543,37280183.0,1.001,0.999455,-0.00723,20250914T022720Z"
"mantle-staked-ether,meth,Mantle Staked Ether,5003.26,1336924633,1713466.0,5102.56,4908.67,-0.91738,20250914T022720Z"
"immutable-x,imx,Immutable,0.671339,1302290868,61298561.0,0.682017,0.652887,1.25245,20250914T022720Z"
"nexo,nexo,NEXO,1.28,1284674462,4606064.0,1.3,1.28,-0.65482,20250914T022720Z"
"wbnb,wbnb,Wrapped BNB,937.41,1262733080,630438973.0,942.87,923.52,0.93526,20250914T022720Z"
"blockstack,stx,Stacks,0.698272,1255797130,22892285.0,0.700423,0.683856,0.87721,20250914T022720Z"
"sonic-3,s,Sonic,0.321041,1214709450,119197478.0,0.324771,0.313748,1.85478,20250914T022720Z"
"solv-btc,solvbtc,Solv Protocol BTC,115712.0,1184281101,741491.0,116819.0,114426.0,0.12506,20250914T022720Z"
"lido-dao,ldo,Lido DAO,1.3,1161219600,86755069.0,1.33,1.27,-1.14453,20250914T022720Z"
"curve-dao-token,crv,Curve DAO,0.8305,1160764882,127827010.0,0.859812,0.817576,-1.71205,20250914T022720Z"
"msol,msol,Marinade Staked SOL,326.44,1127866736,19182795.0,327.14,313.04,1.75832,20250914T022720Z"
"first-digital-usd,fdusd,First Digital USD,0.998353,1127260356,3729587551.0,1.0,0.996036,0.02464,20250914T022720Z"
"syrupusdc,syrupusdc,syrupUSDC,1.12,1104346654,15607341.0,1.12,1.12,-0.00938,20250914T022720Z"
"aerodrome-finance,aero,Aerodrome Finance,1.22,1099819130,53226409.0,1.29,1.21,-3.18551,20250914T022720Z"
"super-oeth,superoeth,Super OETH,4682.51,1051917071,274592.0,4761.22,4617.82,-0.56599,20250914T022720Z"
"the-graph,grt,The Graph,0.100332,1051128694,39577518.0,0.103048,0.099181,-0.46283,20250914T022720Z"
"pax-gold,paxg,PAX Gold,3640.31,1050627825,43388401.0,3644.82,3630.42,0.08311,20250914T022720Z"
"binance-bridged-usdc-bnb-smart-chain,usdc,Binance Bridged USDC (BNB Smart Chain),1.0,1048399434,408036476.0,1.004,0.998009,0.03465,20250914T022720Z"
"floki,floki,FLOKI,0.00010684,1032011347,130487193.0,0.00011043,0.00010481,0.02697,20250914T022720Z"
"pyth-network,pyth,Pyth Network,0.175592,1010221439,95284360.0,0.18091,0.171884,0.16454,20250914T022720Z"
"four,form,Four,2.57,998401957,16166858.0,2.69,2.6,-2.85139,20250914T022720Z"
"raydium,ray,Raydium,3.64,975672557,92827952.0,3.67,3.5,-0.56258,20250914T022720Z"
"dogwifcoin,wif,dogwifhat,0.974732,973887533,271618892.0,0.986584,0.949189,1.12826,20250914T022720Z"
"arbitrum-bridged-wbtc-arbitrum-one,wbtc,Arbitrum Bridged WBTC (Arbitrum One),115976.0,970906740,81368947.0,116572.0,115262.0,-0.04439,20250914T022720Z"
"kaia,kaia,Kaia,0.161724,947269462,19941097.0,0.164174,0.158964,1.69659,20250914T022720Z"
"conflux-token,cfx,Conflux,0.184039,945215744,76062850.0,0.185653,0.180868,0.98841,20250914T022720Z"
"saros-finance,saros,Saros,0.35982,943537665,7650826.0,0.365338,0.35361,0.197,20250914T022720Z"
"fartcoin,fartcoin,Fartcoin,0.943717,943513462,203484425.0,0.967126,0.895173,3.75406,20250914T022720Z"
"cgeth-hashkey-cloud,cgeth.hashkey,cgETH Hashkey Cloud,4489.32,897544812,15.39,4583.28,4476.92,-1.10658,20250914T022720Z"
"pancakeswap-token,cake,PancakeSwap,2.6,896979268,57945358.0,2.66,2.57,-0.42511,20250914T022720Z"
"clbtc,clbtc,clBTC,115236.0,889996481,10.4,118856.0,113545.0,-1.38862,20250914T022720Z"
"pendle,pendle,Pendle,5.25,884134847,57540026.0,5.32,5.11,0.68424,20250914T022720Z"
"virtual-protocol,virtual,Virtuals Protocol,1.34,880348048,150062112.0,1.41,1.3,2.88329,20250914T022720Z"
"theta-token,theta,Theta Network,0.876089,874912085,27772534.0,0.880878,0.858975,1.96916,20250914T022720Z"
"zcash,zec,Zcash,53.54,871605260,112328293.0,53.87,49.07,8.06057,20250914T022720Z"
"tezos,xtz,Tezos,0.801147,847561895,47051498.0,0.811324,0.770111,2.8971,20250914T022720Z"
"gala,gala,GALA,0.01836851,844146869,108027481.0,0.01870427,0.01803332,1.29338,20250914T022720Z"
"l2-standard-bridged-weth-base,weth,L2 Standard Bridged WETH (Base),4682.38,820434564,680290681.0,4758.26,4614.96,-0.62535,20250914T022720Z"
"ethereum-name-service,ens,Ethereum Name Service,24.67,818076684,57876757.0,25.22,24.26,-0.56062,20250914T022720Z"
"iota,iota,IOTA,0.201841,811128484,16875220.0,0.203572,0.198012,1.34507,20250914T022720Z"
"vaulta,a,Vaulta,0.50091,796758333,64423410.0,0.506685,0.48745,2.16111,20250914T022720Z"
"the-sandbox,sand,The Sandbox,0.323394,791071656,138431342.0,0.332256,0.3134,3.13052,20250914T022720Z"
"jito-governance-token,jto,Jito,2.0,754539173,50450421.0,2.01,1.95,0.79036,20250914T022720Z"
"binance-peg-dogecoin,doge,Binance-Peg Dogecoin,0.293412,751459162,16764718.0,0.304912,0.277512,5.72934,20250914T022720Z"
"jasmycoin,jasmy,JasmyCoin,0.01536536,743707529,32038563.0,0.0156549,0.01506511,1.76196,20250914T022720Z"
"ripple-usd,rlusd,Ripple USD,0.999852,729837075,107131364.0,1.001,0.999005,0.01029,20250914T022720Z"
"ether-fi,ethfi,Ether.fi,1.56,726964423,186236953.0,1.6,1.43,8.21804,20250914T022720Z"
"ousg,ousg,OUSG,112.55,724905205,0.0,112.55,112.55,0.0,20250914T022720Z"
"stader-ethx,ethx,Stader ETHx,5006.57,714679618,371844.0,5089.38,4928.92,-0.38894,20250914T022720Z"
"morpho,morpho,Morpho,2.11,698467033,24978204.0,2.2,2.06,-3.46936,20250914T022720Z"
"flow,flow,Flow,0.433932,697551888,12577879.0,0.434116,0.420788,2.99204,20250914T022720Z"
"decentraland,mana,Decentraland,0.362813,696373538,158368446.0,0.387333,0.333498,8.79033,20250914T022720Z"
"ether-fi-staked-eth,eeth,ether.fi Staked ETH,4668.95,688651433,704823.0,4747.54,4599.81,-0.46385,20250914T022720Z"
"tbtc,tbtc,tBTC,115720.0,686089111,10349396.0,116116.0,114671.0,-0.048,20250914T022720Z"
"usdx-money-usdx,usdx,Stables Labs USDX,0.998143,679676653,132162.0,0.999601,0.994715,0.0194,20250914T022720Z"
"ondo-us-dollar-yield,usdy,Ondo US Dollar Yield,1.083,678483300,530444.0,1.09,1.07,-0.55132,20250914T022720Z"
"aethir,ath,Aethir,0.055589,677053150,120266284.0,0.05568,0.051465,6.45949,20250914T022720Z"
"arbitrum-bridged-weth-arbitrum-one,weth,Arbitrum Bridged WETH (Arbitrum One),4685.51,674643183,283034349.0,4761.45,4614.62,-0.57903,20250914T022720Z"
"coinbase-wrapped-staked-eth,cbeth,Coinbase Wrapped Staked ETH,5151.83,652713065,6426713.0,5234.18,5073.13,-0.47924,20250914T022720Z"
"bittorrent,btt,BitTorrent,6.57525e-07,648351812,20527922.0,6.63244e-07,6.52009e-07,0.68632,20250914T022720Z"
"newton-project,ab,AB,0.00834823,645889371,26104311.0,0.00845004,0.00833579,-0.61362,20250914T022720Z"
"mantle-restaked-eth,cmeth,Mantle Restaked ETH,5005.13,645165654,3949775.0,5080.79,4927.62,-0.72776,20250914T022720Z"
"walrus-2,wal,Walrus,0.445475,644396517,24750675.0,0.454719,0.44156,-0.45033,20250914T022720Z"
"sweth,sweth,Swell Ethereum,5073.27,615537345,306147.0,5171.36,5009.95,-0.51394,20250914T022720Z"
"beldex,bdx,Beldex,0.08228,603762233,5508798.0,0.082281,0.078037,5.43683,20250914T022720Z"
"global-dollar,usdg,Global Dollar,0.999863,591629148,16002487.0,1.0,0.999587,0.01478,20250914T022720Z"
"loaded-lions,lion,Loaded Lions,0.01884096,577444715,923396.0,0.01958309,0.01878844,-2.60073,20250914T022720Z"
"usual-usd,usd0,Usual USD,0.997829,565137287,968803.0,0.999573,0.995942,-0.02631,20250914T022720Z"
"eigenlayer,eigen,EigenCloud (prev. EigenLayer),1.71,562228006,208577604.0,1.76,1.52,12.32794,20250914T022720Z"
"starknet,strk,Starknet,0.137135,558750073,35960713.0,0.141013,0.135197,0.46797,20250914T022720Z"
"build-on,b,BUILDon,0.553994,553851380,7824161.0,0.557898,0.52378,1.98877,20250914T022720Z"
"based-brett,brett,Brett,0.055654,551277768,47593669.0,0.057787,0.054467,1.06561,20250914T022720Z"
"bitcoin-cash-sv,bsv,Bitcoin SV,27.27,542951095,16928102.0,27.45,26.49,2.77812,20250914T022720Z"
"vision-3,vsn,Vision,0.166411,540323834,1735648.0,0.175242,0.164238,-1.76548,20250914T022720Z"
"bitcoin-avalanche-bridged-btc-b,btc.b,Avalanche Bridged BTC (Avalanche),116057.0,533910474,78025107.0,116415.0,115128.0,-0.02537,20250914T022720Z"
"syrup,syrup,Maple Finance,0.475488,531072379,30614081.0,0.487916,0.467198,-0.28897,20250914T022720Z"
"benqi-liquid-staked-avax,savax,BENQI Liquid Staked AVAX,36.89,529917987,3492474.0,38.13,35.46,4.03698,20250914T022720Z"
"dydx-chain,dydx,dYdX,0.671625,525527500,9219131.0,0.685215,0.658434,0.66126,20250914T022720Z"
"bybit-staked-sol,bbsol,Bybit Staked SOL,272.46,523018332,3977642.0,273.03,262.24,1.66411,20250914T022720Z"
"frax-ether,frxeth,Frax Ether,4664.88,520786350,4681458.0,4742.45,4596.18,-0.59024,20250914T022720Z"
"polygon-pos-bridged-weth-polygon-pos,weth,Polygon PoS Bridged WETH (Polygon POS),4684.53,513458797,11106230.0,4759.92,4616.97,-0.58685,20250914T022720Z"
"helium,hnt,Helium,2.73,510808329,13828091.0,2.75,2.59,5.09968,20250914T022720Z"
"apecoin,ape,ApeCoin,0.625922,500304706,31610322.0,0.635656,0.619107,0.31621,20250914T022720Z"
"arweave,ar,Arweave,7.62,498068931,30457950.0,7.8,7.46,0.66239,20250914T022720Z"
"true-usd,tusd,TrueUSD,0.998639,494096126,13853718.0,0.999733,0.997299,-0.10317,20250914T022720Z"
"usdd,usdd,USDD,1.0,493046215,195601808.0,1.001,1.0,-0.01563,20250914T022720Z"
"telcoin,tel,Telcoin,0.00528358,489514888,1485272.0,0.00538857,0.00519265,1.68577,20250914T022720Z"
"neo,neo,NEO,6.92,487958403,20154433.0,6.95,6.8,1.69753,20250914T022720Z"
"reserve-rights-token,rsr,Reserve Rights,0.00808039,483716383,22521334.0,0.00829901,0.00793597,-0.75441,20250914T022720Z"
"instadapp,fluid,Fluid,6.29,482821729,2156538.0,6.49,6.24,-1.28978,20250914T022720Z"
"coredaoorg,core,Core,0.475719,481159911,24823717.0,0.481521,0.469359,0.98568,20250914T022720Z"
"mantle-bridged-usdt-mantle,usdt,Mantle Bridged USDT (Mantle),1.0,479647618,4591962.0,1.009,0.992238,-0.88709,20250914T022720Z"
"thorchain,rune,THORChain,1.34,469788054,45722440.0,1.34,1.31,1.22246,20250914T022720Z"
"keeta,kta,Keeta,1.11,468670011,7230308.0,1.18,1.11,-4.61722,20250914T022720Z"
"superstate-short-duration-us-government-securities-fund-ustb,ustb,Superstate Short Duration U.S. Government Securities Fund (USTB),10.82,465888023,0.0,10.82,10.82,0.0,20250914T022720Z"
"zksync,zk,ZKsync,0.062692,453138959,20038193.0,0.064614,0.061653,-0.05009,20250914T022720Z"
"wormhole,w,Wormhole,0.093596,445166528,53045003.0,0.096556,0.092005,-1.36957,20250914T022720Z"
"axie-infinity,axs,Axie Infinity,2.66,444093029,53495980.0,2.69,2.62,1.27021,20250914T022720Z"
"polygon-pos-bridged-dai-polygon-pos,dai,Polygon PoS Bridged DAI (Polygon POS),0.999818,442643729,16826193.0,1.0,0.999422,0.01662,20250914T022720Z"
"wrapped-avax,wavax,Wrapped AVAX,30.13,442598553,379154868.0,31.13,28.95,4.08745,20250914T022720Z"
"compound-governance-token,comp,Compound,46.75,442034523,90802586.0,48.08,45.95,1.74171,20250914T022720Z"
"chiliz,chz,Chiliz,0.04409614,440241573,62000236.0,0.04434223,0.04325023,1.59491,20250914T022720Z"
"bridged-usdc-polygon-pos-bridge,usdc.e,Bridged USDC (Polygon PoS Bridge),0.999697,439440909,21346121.0,0.999877,0.9996,-0.00417,20250914T022720Z"
"apenft,nft,APENFT,4.41851e-07,437367020,8311526.0,4.42482e-07,4.4172e-07,0.00649,20250914T022720Z"
"linea,linea,Linea,0.028248,435308664,422808796.0,0.02961893,0.02255206,24.34374,20250914T022720Z"
"solv-protocol-solvbtc-bbn,xsolvbtc,Solv Protocol Staked BTC,114594.0,433395869,75621.0,115712.0,114321.0,-0.42011,20250914T022720Z"
"steakhouse-usdc-morpho-vault,steakusdc,Steakhouse USDC Morpho Vault,1.099,431170340,0.0,1.1,1.099,0.00413,20250914T022720Z"
"elrond-erd-2,egld,MultiversX,14.99,429125281,48295698.0,15.11,14.41,3.35783,20250914T022720Z"
"drift-staked-sol,dsol,Drift Staked SOL,281.71,428360696,117823.0,281.99,270.1,1.85332,20250914T022720Z"
"chain-2,xcn,Onyxcoin,0.01221324,428036677,32992568.0,0.01276195,0.01198941,-3.90599,20250914T022720Z"
"reserve-protocol-eth-plus,eth+,ETHPlus,4928.8,425917022,633826.0,5008.03,4853.24,-0.66579,20250914T022720Z"
"treehouse-eth,teth,Treehouse ETH,5695.87,419972286,1376985.0,5786.89,5606.14,-0.4791,20250914T022720Z"
"ecash,xec,eCash,2.098e-05,417989963,10687828.0,2.108e-05,2.05e-05,2.2227,20250914T022720Z"
"beam-2,beam,Beam,0.0080563,413149883,16683747.0,0.0081986,0.00792592,1.28469,20250914T022720Z"
"hashnote-usyc,usyc,Circle USYC,1.1,412961803,0.0,0.0,0.0,0.0,20250914T022720Z"
"rekt-4,rekt,Rekt,9.73852e-07,409689900,2894130.0,1.03e-06,9.7245e-07,-3.38326,20250914T022720Z"
"mog-coin,mog,Mog Coin,1.04e-06,407485507,19398247.0,1.09e-06,1.02e-06,1.44163,20250914T022720Z"
"usdb,usdb,USDB,0.9955,406670698,502539.0,1.01,0.98302,-0.50357,20250914T022720Z"
"savings-dai,sdai,Savings Dai,1.17,403555161,1368356.0,1.17,1.16,-0.05934,20250914T022720Z"
"tokenize-xchange,tkx,Tokenize Xchange,5.03,402695713,457392.0,5.07,4.83,2.19818,20250914T022720Z"
"aioz-network,aioz,AIOZ Network,0.338783,402193209,10171451.0,0.350303,0.334315,-0.55454,20250914T022720Z"
"sun-token,sun,Sun Token,0.02093237,401299990,36135379.0,0.02141587,0.02065651,-1.21998,20250914T022720Z"
"dexe,dexe,DeXe,6.99,399238731,5229328.0,7.06,6.94,-0.21926,20250914T022720Z"
"evervalue-coin,eva,EverValue Coin,25.67,397187444,148907.0,26.03,25.55,-0.44755,20250914T022720Z"
"kava,kava,Kava,0.366206,396339946,12796565.0,0.369696,0.363375,-0.0215,20250914T022720Z"
"superfarm,super,SuperVerse,0.625106,392846806,12524919.0,0.631008,0.614121,1.78871,20250914T022720Z"
"gnosis,gno,Gnosis,147.43,389262022,9305706.0,148.8,145.83,0.59203,20250914T022720Z"
"plume,plume,Plume,0.130582,383162013,62890254.0,0.132091,0.125028,1.64528,20250914T022720Z"
"1inch,1inch,1inch,0.273344,381540501,16219348.0,0.278417,0.270034,0.62568,20250914T022720Z"
"olympus,ohm,Olympus,23.24,380813599,337155.0,23.39,23.09,0.14667,20250914T022720Z"
"unit-bitcoin,ubtc,Unit Bitcoin,116089.0,379895684,438831670.0,116180.0,115260.0,0.07491,20250914T022720Z"
"wrapped-ether-mantle-bridge,weth,Wrapped Ether (Mantle Bridge),4682.88,376919500,1867992.0,4765.45,4603.46,-0.70864,20250914T022720Z"
"staked-frax-ether,sfrxeth,Staked Frax Ether,5288.89,368518052,222441.0,5372.71,5213.32,-0.55637,20250914T022720Z"
"deep,deep,DeepBook,0.147015,367675463,27410334.0,0.151716,0.144646,0.85477,20250914T022720Z"
"ronin,ron,Ronin,0.526208,364557603,7945970.0,0.533321,0.517397,-0.45578,20250914T022720Z"
"wrapped-hype,whype,Wrapped HYPE,55.13,364061201,218670661.0,56.65,54.34,-0.63796,20250914T022720Z"
"zebec-network,zbcn,Zebec Network,0.00418862,361653321,17519093.0,0.00434518,0.00416598,-3.56711,20250914T022720Z"
"movement,move,Movement,0.132823,358841090,26364156.0,0.133793,0.12932,1.46106,20250914T022720Z"
"eutbl,eutbl,Spiko EU T-Bills Money Market Fund,1.22,356529099,0.0,1.22,1.22,-0.02558,20250914T022720Z"
"snek,snek,Snek,0.00474486,354136694,5615416.0,0.00489071,0.00468149,0.27258,20250914T022720Z"
"gho,gho,GHO,0.999881,352548394,5931292.0,1.001,0.999007,-0.04491,20250914T022720Z"
"axelar,axl,Axelar,0.335897,347824561,12523417.0,0.340924,0.330936,0.97291,20250914T022720Z"
"just,jst,JUST,0.03476236,344129952,20626531.0,0.03486999,0.03423013,1.46151,20250914T022720Z"
"trust-wallet-token,twt,Trust Wallet,0.816565,339924493,11393349.0,0.826075,0.805422,0.36186,20250914T022720Z"
"ultima,ultima,Ultima,8625.36,339671840,14091798.0,8782.05,7656.78,12.08437,20250914T022720Z"
"terra-luna,lunc,Terra Luna Classic,6.169e-05,339523499,14127103.0,6.255e-05,6.091e-05,0.15734,20250914T022720Z"
"wemix-token,wemix,WEMIX,0.742125,338259022,4814754.0,0.761837,0.721421,0.58367,20250914T022720Z"
"akash-network,akt,Akash Network,1.22,338036140,10852351.0,1.22,1.19,1.7256,20250914T022720Z"
"dora-2,dora,DORA,0.335542,334213250,2880956.0,0.334213,0.303099,8.57628,20250914T022720Z"
"resolv-usr,usr,Resolv USR,0.999643,328844578,1920546.0,1.0,0.999441,-0.01597,20250914T022720Z"
"eos,eos,EOS,0.500791,326887971,404374.0,0.506084,0.486362,2.64769,20250914T022720Z"
"livepeer,lpt,Livepeer,7.34,325747419,23252676.0,7.46,7.21,0.37674,20250914T022720Z"
"bio-protocol,bio,Bio Protocol,0.169642,323362853,229441963.0,0.184417,0.151025,9.43356,20250914T022720Z"
"venom,venom,Venom,0.152848,321095933,631456.0,0.159309,0.152516,-3.94962,20250914T022720Z"
"creditcoin-2,ctc,Creditcoin,0.643969,313248011,9586063.0,0.646781,0.634567,1.18189,20250914T022720Z"
"binance-peg-busd,busd,Binance-Peg BUSD,1.001,312798397,8200572.0,1.006,0.994384,-0.12965,20250914T022720Z"
"arkham,arkm,Arkham,0.654091,312752168,96858209.0,0.674821,0.645235,-0.39034,20250914T022720Z"
"dash,dash,Dash,25.2,312480999,30530661.0,25.56,24.87,0.82349,20250914T022720Z"
"swissborg,borg,SwissBorg,0.317978,311384918,839034.0,0.31781,0.296128,2.83094,20250914T022720Z"
"berachain-bera,bera,Berachain,2.46,309372329,42340918.0,2.48,2.42,0.58897,20250914T022720Z"
"convex-finance,cvx,Convex Finance,3.77,309182042,17817881.0,3.89,3.7,-1.58388,20250914T022720Z"
"polygon-bridged-wbtc-polygon-pos,wbtc,Polygon Bridged WBTC (Polygon POS),116039.0,307463474,3061922.0,116274.0,115297.0,0.0145,20250914T022720Z"
"turbo,turbo,Turbo,0.0044493,306980432,37692038.0,0.00466636,0.00437565,-3.25882,20250914T022720Z"
"tribe-2,tribe,Tribe,0.668187,304065790,78463.0,0.670613,0.634611,4.41196,20250914T022720Z"
"amp-token,amp,Amp,0.00353224,297559389,9408783.0,0.00355756,0.00349934,0.32886,20250914T022720Z"
"frax,frax,Legacy Frax Dollar,0.998423,296380378,3716565.0,0.999866,0.997023,-0.03105,20250914T022720Z"
"cat-in-a-dogs-world,mew,cat in a dogs world,0.00331752,294611993,101057027.0,0.00348071,0.0032316,-2.59391,20250914T022720Z"
"kaito,kaito,KAITO,1.22,294433361,35024975.0,1.26,1.21,0.32499,20250914T022720Z"
"popcat,popcat,Popcat,0.297273,291137219,33898887.0,0.309032,0.291066,0.73096,20250914T022720Z"
"useless-3,useless,Useless Coin,0.290036,290956074,44758756.0,0.305734,0.261812,10.02369,20250914T022720Z"
"safe,safe,Safe,0.458753,290717048,9901821.0,0.468353,0.454823,-0.68778,20250914T022720Z"
"decred,dcr,Decred,17.1,290622211,5343993.0,17.19,16.92,-0.25837,20250914T022720Z"
"toshi,toshi,Toshi,0.00067421,283635252,36087171.0,0.00069237,0.00061666,9.05605,20250914T022720Z"
"kusama,ksm,Kusama,16.64,283470968,22441215.0,17.03,16.11,3.2647,20250914T022720Z"
"satoshi-stablecoin,satusd,Satoshi Stablecoin,0.996677,280585531,91922.0,0.99978,0.995437,0.00762,20250914T022720Z"
"velo,velo,Velo,0.01573066,276320501,57116085.0,0.01649356,0.01568499,-4.48698,20250914T022720Z"
"qtum,qtum,Qtum,2.61,276183304,27704165.0,2.67,2.58,0.50554,20250914T022720Z"
"openeden-open-dollar,usdo,OpenEden OpenDollar,0.998082,275629817,9562.02,0.999976,0.993528,0.35293,20250914T022720Z"
"metaplex,mplx,Metaplex,0.326699,272119298,13563445.0,0.327022,0.279441,16.91185,20250914T022720Z"
"binance-peg-sol,sol,Binance-Peg SOL,247.0,271543711,7464107.0,247.04,236.61,1.90303,20250914T022720Z"
"btse-token,btse,BTSE Token,1.66,268781503,1639320.0,1.66,1.65,0.52924,20250914T022720Z"
"compound-wrapped-btc,cwbtc,cWBTC,2330.98,268431320,0.0,2333.16,2315.36,0.0393,20250914T022720Z"
"nervos-network,ckb,Nervos Network,0.00566301,267278982,31283448.0,0.00576386,0.00537878,4.39819,20250914T022720Z"
"astherus-staked-bnb,asbnb,Aster Staked BNB,988.68,266923157,59434.0,993.42,970.51,1.26738,20250914T022720Z"
"qubic-network,qubic,Qubic,2.13e-06,266445266,4880184.0,2.3e-06,2.11e-06,-4.30465,20250914T022720Z"
"peanut-the-squirrel,pnut,Peanut the Squirrel,0.265506,265436780,162039682.0,0.279624,0.258404,-0.79432,20250914T022720Z"
"iotex,iotx,IoTeX,0.02807009,264888082,8063676.0,0.02836174,0.02765832,-0.15506,20250914T022720Z"
"mocaverse,moca,Moca Network,0.072838,263760915,9144335.0,0.073862,0.072176,0.06581,20250914T022720Z"
"compounding-open-dollar,cusdo,Compounding OpenDollar,1.024,263602588,802251.0,1.027,1.022,0.00322,20250914T022720Z"
"resolv-wstusr,wstusr,Resolv wstUSR,1.11,259177293,85691.0,1.11,1.11,-0.42214,20250914T022720Z"
"usdx-money-staked-usdx,susdx,Stables Labs Staked USDX,1.1,258433554,36778.0,1.11,1.089,0.2331,20250914T022720Z"
"universal-btc,unibtc,Universal BTC,115574.0,258037988,303330.0,115760.0,114651.0,0.10994,20250914T022720Z"
"frax-share,frax,Frax (prev. FXS),2.86,257711872,11983375.0,2.97,2.83,-2.7565,20250914T022720Z"
"agentfun-ai,agentfun,AgentFun.AI,2.58,257525384,1616.48,2.66,2.55,-2.27653,20250914T022720Z"
"mx-token,mx,MX,2.74,256328069,14143113.0,2.77,2.72,-0.22853,20250914T022720Z"
"origin-ether,oeth,Origin Ether,4681.97,255953975,227765.0,4757.44,4610.85,-0.57778,20250914T022720Z"
"cheems-token,cheems,Cheems Token,1.26e-06,255888598,2186229.0,1.28e-06,1.24e-06,1.45897,20250914T022720Z"
"grass,grass,Grass,0.827439,254062837,30053721.0,0.873628,0.81705,-0.87031,20250914T022720Z"
"tdccp,tdccp,TDCCP,0.394936,254009149,375578.0,0.397759,0.381708,0.47866,20250914T022720Z"
"theta-fuel,tfuel,Theta Fuel,0.03598223,253952071,2127073.0,0.03610341,0.03544176,1.49731,20250914T022720Z"
"usdai,usdai,USDai,1.008,250538472,4007225.0,1.013,0.830381,0.33087,20250914T022720Z"
"golem,glm,Golem,0.250074,249875330,9057215.0,0.250426,0.24413,1.35778,20250914T022720Z"
"mina-protocol,mina,Mina Protocol,0.198415,248402833,11694539.0,0.200231,0.194402,0.92992,20250914T022720Z"
"unit-pump,upump,Unit Pump,0.00780735,248176870,44019061.0,0.00791645,0.00622889,20.998,20250914T022720Z"
"basic-attention-token,bat,Basic Attention,0.165102,247047098,17315701.0,0.166035,0.161914,1.37825,20250914T022720Z"
"havven,snx,Synthetix Network,0.717721,246528395,14103721.0,0.735761,0.708217,-1.42208,20250914T022720Z"
"dog-go-to-the-moon-rune,dog,Dog (Bitcoin),0.0024441,244299062,7935840.0,0.00258582,0.0024127,-3.85755,20250914T022720Z"
"safepal,sfp,SafePal,0.486591,243357794,4115178.0,0.493836,0.482318,-0.07452,20250914T022720Z"
"ether-fi-staked-btc,ebtc,Ether.fi Staked BTC,115971.0,241445878,18930.69,116658.0,113789.0,0.26943,20250914T022720Z"
"0x,zrx,0x Protocol,0.282862,239838612,21297817.0,0.286159,0.277654,1.77694,20250914T022720Z"
"mantra-dao,om,MANTRA,0.22578,239759033,53234317.0,0.226656,0.218433,1.63518,20250914T022720Z"
"euro-coin,eurc,EURC,1.18,239725928,28184081.0,1.18,1.17,0.23461,20250914T022720Z"
"baby-doge-coin,babydoge,Baby Doge Coin,1.405e-09,239468110,14471338.0,1.455e-09,1.386e-09,-0.23635,20250914T022720Z"
"vvs-finance,vvs,VVS Finance,5.1e-06,237230703,571654.0,5.26e-06,5.08e-06,-1.94427,20250914T022720Z"
"blockchain-capital,bcap,Blockchain Capital,25.79,234994998,0.0,25.79,25.79,0.0,20250914T022720Z"
"drift-protocol,drift,Drift Protocol,0.641949,232746278,15376575.0,0.665007,0.631118,-0.22031,20250914T022720Z"
"layerzero,zro,LayerZero,2.08,230999461,36434732.0,2.09,2.02,2.36778,20250914T022720Z"
"zilliqa,zil,Zilliqa,0.01226351,230069071,16578169.0,0.01233639,0.01206774,0.87223,20250914T022720Z"
"zano,zano,Zano,15.03,224535321,1507909.0,15.1,14.86,0.44166,20250914T022720Z"
"zora,zora,Zora,0.068254,223827800,47883558.0,0.067876,0.061536,5.30548,20250914T022720Z"
"gas,gas,Gas,3.42,222623932,10174821.0,3.44,3.37,0.80578,20250914T022720Z"
"openledger-2,open,OpenLedger,1.014,220964519,186969618.0,1.041,0.898556,12.78105,20250914T022720Z"
"blur,blur,Blur,0.087923,220719069,18538073.0,0.089645,0.085796,2.09968,20250914T022720Z"
"oasis-network,rose,Oasis,0.02961671,219448138,12853898.0,0.03048292,0.02913721,-1.56637,20250914T022720Z"
"ordinals,ordi,ORDI,10.41,218601824,49910211.0,10.7,10.23,0.60992,20250914T022720Z"
"ravencoin,rvn,Ravencoin,0.01394331,217261078,9922100.0,0.01408603,0.01372621,0.71276,20250914T022720Z"
"moo-deng,moodeng,Moo Deng,0.219365,217165415,577385802.0,0.227516,0.203158,2.78787,20250914T022720Z"
"restaking-vault-eth,rsteth,Restaking Vault ETH,5666.36,215625649,9763.67,5753.34,5577.78,-0.3905,20250914T022720Z"
"agora-dollar,ausd,AUSD,1.001,210745861,23735742.0,1.001,1.0,0.02916,20250914T022720Z"
"nxm,nxm,Nexus Mutual,97.58,208663882,0.0,99.87,96.2,0.28843,20250914T022720Z"
"astar,astr,Astar,0.02536318,207248324,15100170.0,0.02547258,0.02484946,1.95615,20250914T022720Z"
"sahara-ai,sahara,Sahara AI,0.093519,206442807,31747072.0,0.095019,0.091353,1.60049,20250914T022720Z"
"gmt-token,gomining,GoMining Token,0.501761,204808243,12032441.0,0.50708,0.495995,-0.84895,20250914T022720Z"
"somnia,somi,Somnia,1.28,204765697,785727841.0,1.52,0.966745,25.59318,20250914T022720Z"
"ignition-fbtc,fbtc,Function Æ’BTC,116164.0,204147560,170506.0,117101.0,114384.0,-0.38736,20250914T022720Z"
"bridged-usd-coin-linea,usdc,Bridged USD Coin (Linea),0.998813,203586789,86272750.0,1.003,0.995535,-0.18345,20250914T022720Z"
"metal-blockchain,metal,Metal Blockchain,0.39842,202235754,1491817.0,0.401336,0.390061,0.28528,20250914T022720Z"
"zetachain,zeta,ZetaChain,0.196278,200782931,9442927.0,0.198987,0.194138,0.0968,20250914T022720Z"
"undeads-games,uds,Undeads Games,1.96,200498677,1300661.0,2.03,1.86,5.2236,20250914T022720Z"
"wrapped-aave-ethereum-weth,waethweth,Wrapped Aave Ethereum WETH,4928.63,199988282,419826.0,5010.97,4856.04,-0.66334,20250914T022720Z"
"infrared-bera,ibera,Infrared Bera,2.52,198805441,622639.0,2.54,2.48,0.77894,20250914T022720Z"
"notcoin,not,Notcoin,0.00199954,198693301,27046044.0,0.00205352,0.00197047,0.62398,20250914T022720Z"
"non-playable-coin,npc,Non-Playable Coin,0.02459965,198081331,6669983.0,0.02572378,0.02440644,-1.47704,20250914T022720Z"
"ribbita-by-virtuals,tibbir,Ribbita by Virtuals,0.197854,197823766,1437385.0,0.206778,0.191293,-4.27856,20250914T022720Z"
"mimbogamegroup,mgg,MimboGameGroup,0.00170632,195544788,1616735.0,0.00170897,0.0017025,0.12257,20250914T022720Z"
"usda-2,usda,USDa,0.989796,193284256,107729.0,1.0,0.987416,-1.01941,20250914T022720Z"
"legacy-token,lgct,Legacy Token,1.93,192538738,5187402.0,1.93,1.92,-0.062,20250914T022720Z"
"origintrail,trac,OriginTrail,0.384749,192179101,2400805.0,0.40159,0.380291,-2.60061,20250914T022720Z"
"yearn-finance,yfi,yearn.finance,5668.55,191856820,15085432.0,5734.29,5596.59,0.65617,20250914T022720Z"
"resolv-rlp,rlp,Resolv RLP,1.24,191843808,269256.0,1.24,1.23,-0.06625,20250914T022720Z"
"celo,celo,Celo,0.329649,191546490,17295040.0,0.337336,0.319514,2.70378,20250914T022720Z"
"kamino,kmno,Kamino,0.067983,190023192,20947897.0,0.068483,0.063886,5.0333,20250914T022720Z"
"ctc-plus,ctcp,CTC PLUS,1.76,189728771,145005.0,2.04,1.26,16.66762,20250914T022720Z"
"tradable-na-rent-financing-platform-sstn,pc0000031,Tradable NA Rent Financing Platform SSTN,1.0,189500000,0.0,1.0,1.0,0.0,20250914T022720Z"
"world-mobile-token,wmtx,World Mobile Token,0.245383,188742383,4545322.0,0.254704,0.245234,-1.4685,20250914T022720Z"
"cow-protocol,cow,CoW Protocol,0.36706,187959186,13116697.0,0.376611,0.361768,-0.32653,20250914T022720Z"
"reallink,real,RealLink,0.064634,187884666,30248273.0,0.065042,0.064036,0.02426,20250914T022720Z"
"succinct,prove,Succinct,0.959946,187823911,42407320.0,0.97884,0.924226,3.66351,20250914T022720Z"
"proton,xpr,XPR Network,0.00665391,185521168,3496959.0,0.00676852,0.00660229,-0.31426,20250914T022720Z"
"sosovalue,soso,SoSoValue,0.670723,184292577,7323117.0,0.684747,0.668052,-0.74182,20250914T022720Z"
"troll-2,troll,TROLL,0.183663,183569289,12565026.0,0.191184,0.167944,4.54838,20250914T022720Z"
"mag7-ssi,mag7.ssi,MAG7.ssi,1.08,183278248,953232.0,1.092,1.066,0.61509,20250914T022720Z"
"ethereum-pow-iou,ethw,EthereumPoW,1.7,183253397,9751110.0,1.72,1.66,1.16561,20250914T022720Z"
"vethor-token,vtho,VeThor,0.00193939,182147791,2624340.0,0.00194991,0.0019094,0.92011,20250914T022720Z"
"oec-token,okt,OKT Chain,10.1,180284381,727.69,0.0,0.0,0.0,20250914T022720Z"
"slash-vision-labs,svl,Slash Vision Labs,0.03647384,180110718,753458.0,0.03679072,0.03586149,0.01775,20250914T022720Z"
"holotoken,hot,Holo,0.00101467,179959505,7056747.0,0.0010237,0.00099402,1.35866,20250914T022720Z"
"ark-3,ark,ARK,36.52,179876153,6298335.0,38.71,36.49,-3.3007,20250914T022720Z"
"compound-ether,ceth,cETH,94.19,179636688,33.17,95.71,92.81,-0.58705,20250914T022720Z"
"crypto-com-staked-eth,cdceth,Crypto.com Staked ETH,4935.03,179365905,89083.0,5000.17,4843.33,-0.3691,20250914T022720Z"
"cronos-bridged-usdc-cronos,usdc,Cronos Bridged USDC (Cronos),1.001,179008120,1102926.0,1.005,0.99272,0.54762,20250914T022720Z"
"redstone-oracles,red,RedStone,0.629908,176576459,44712955.0,0.652771,0.613851,2.43197,20250914T022720Z"
"euler,eul,Euler,9.43,176182940,3150110.0,9.6,9.33,-1.53869,20250914T022720Z"
"skale,skl,SKALE,0.02941415,175429978,19879799.0,0.02996614,0.02886805,1.32794,20250914T022720Z"
"stargate-finance,stg,Stargate Finance,0.178995,173866615,8540378.0,0.18009,0.174402,2.47357,20250914T022720Z"
"threshold-network-token,t,Threshold Network,0.01715308,173736176,7957970.0,0.01726192,0.01666247,2.8219,20250914T022720Z"
"siacoin,sc,Siacoin,0.0030873,172877813,6163847.0,0.00310143,0.0030513,0.9068,20250914T022720Z"
"harmony,one,Harmony,0.01158647,170393425,13722104.0,0.01161386,0.01109387,4.31562,20250914T022720Z"
"centrifuge-2,cfg,Centrifuge,0.299706,169283025,5665547.0,0.307497,0.296852,-1.33937,20250914T022720Z"
"polymesh,polyx,Polymesh,0.141097,169257027,4176376.0,0.142264,0.138427,0.2858,20250914T022720Z"
"kinesis-gold,kau,Kinesis Gold,117.66,168834193,17082.87,118.56,116.63,0.54645,20250914T022720Z"
"phantom-staked-sol,psol,Phantom Staked SOL,254.34,167751740,1231569.0,254.66,243.85,1.81573,20250914T022720Z"
"okzoo,aiot,OKZOO,1.48,166690096,52532488.0,1.55,1.47,-4.38737,20250914T022720Z"
"neiro-3,neiro,Neiro,0.00039532,166350709,51992879.0,0.00041332,0.00038753,-2.73548,20250914T022720Z"
"sushi,sushi,Sushi,0.848556,163571799,29930006.0,0.870019,0.835325,0.02232,20250914T022720Z"
"yieldfi-ytoken,yusd,YieldFi yToken,1.11,163439712,214.33,1.11,1.1,-0.17464,20250914T022720Z"
"kinesis-silver,kag,Kinesis Silver,42.69,163085258,18709.11,42.69,42.19,0.07163,20250914T022720Z"
"bnb48-club-token,koge,KOGE,48.02,162315918,1798872597.0,48.04,48.02,-0.00589,20250914T022720Z"
"uxlink,uxlink,UXLINK,0.33609,161260356,13716465.0,0.340999,0.333211,0.6126,20250914T022720Z"
"prometeus,prom,Prom,8.84,161252281,6081043.0,9.29,8.76,-3.31733,20250914T022720Z"
"avantis,avnt,Avantis,0.752576,160618036,444698191.0,0.831292,0.402482,82.74684,20250914T022720Z"
"ankr,ankr,Ankr Network,0.01602439,160202323,13446907.0,0.01614011,0.01575098,1.59425,20250914T022720Z"
"gmx,gmx,GMX,15.55,159960779,10845375.0,15.66,15.28,1.02448,20250914T022720Z"
"marsmi,marsmi,MarsMi,0.159842,159853991,462210.0,0.160463,0.153167,1.94642,20250914T022720Z"
"mitosis-eol-bnb,mibnb,Mitosis EOL BNB,933.63,159447514,59502.0,937.98,919.55,0.97214,20250914T022720Z"
"aelf,elf,aelf,0.200189,158847460,4230535.0,0.200175,0.195183,2.22954,20250914T022720Z"
"sui-bridged-wbtc-sui,wbtc,Sui Bridged WBTC (Sui),115986.0,155969726,11717624.0,117447.0,114154.0,-0.87112,20250914T022720Z"
"book-of-meme,bome,BOOK OF MEME,0.00225806,155891488,45326888.0,0.00232474,0.00220802,-1.10668,20250914T022720Z"
"digibyte,dgb,DigiByte,0.00865041,155059346,4645463.0,0.00892521,0.00864441,-0.21819,20250914T022720Z"
"orca,orca,Orca,2.57,154353048,20805478.0,2.57,2.41,4.36269,20250914T022720Z"
"melania-meme,melania,Melania Meme,0.207931,153828974,9725082.0,0.217737,0.204707,-1.07588,20250914T022720Z"
"chia,xch,Chia,10.49,153259795,4761788.0,10.64,10.34,1.09121,20250914T022720Z"
"memecoin-2,meme,Memecoin,0.0027696,152405772,50126282.0,0.00286797,0.00271133,-0.75769,20250914T022720Z"
"altlayer,alt,AltLayer,0.03591708,152148883,18848136.0,0.03660507,0.03522526,-0.39625,20250914T022720Z"
"humanity,h,Humanity,0.082485,151146112,189468566.0,0.090758,0.051208,57.44178,20250914T022720Z"
"ika,ika,Ika,0.05029,150737951,16767743.0,0.051397,0.04607037,5.44648,20250914T022720Z"
"holoworld,holo,Holoworld,0.433128,150406695,140061896.0,0.450725,0.406855,4.25848,20250914T022720Z"
"merlin-chain,merl,Merlin Chain,0.154334,150385397,10663743.0,0.155542,0.150123,0.53842,20250914T022720Z"
"illuvium,ilv,Illuvium,15.88,150355157,11556068.0,16.14,15.53,2.08698,20250914T022720Z"
"avalanche-bridged-weth-avalanche,weth,Avalanche Bridged WETH (Avalanche),4690.44,149953850,80905976.0,4761.04,4618.53,-0.4157,20250914T022720Z"
"rocket-pool,rpl,Rocket Pool,6.89,149560724,12424804.0,7.15,6.77,1.47459,20250914T022720Z"
"icon,icx,ICON,0.137246,147366375,4245348.0,0.137986,0.135298,1.16297,20250914T022720Z"
"coinex-token,cet,CoinEx,0.055808,146472591,133292.0,0.056873,0.055071,1.30496,20250914T022720Z"
"stasis-eurs,eurs,STASIS EURO,1.17,145430936,58754.0,1.18,1.16,0.02999,20250914T022720Z"
"conscious-token,conscious,Conscious Token,0.31009,145038901,965076.0,0.317248,0.306354,-0.43646,20250914T022720Z"
"yield-guild-games,ygg,Yield Guild Games,0.243192,144851902,356551381.0,0.263396,0.215778,12.70475,20250914T022720Z"
"yu,yu,Yala Stablecoin,0.951311,144472299,5709167.0,0.999921,0.937097,-4.82939,20250914T022720Z"
"xyo-network,xyo,XYO Network,0.01037708,144245745,10628412.0,0.01056503,0.01030339,-1.15295,20250914T022720Z"
"staked-hype,sthype,Staked HYPE,55.04,144084716,487890.0,56.63,54.17,-0.71059,20250914T022720Z"
"numeraire,nmr,Numeraire,18.01,144019440,72013237.0,18.93,17.66,1.79679,20250914T022720Z"
"ai16z,ai16z,ai16z,0.13068,143749821,381213044.0,0.138452,0.120979,7.2842,20250914T022720Z"
"mbg-by-multibank-group,$mbg,MBG By Multibank Group,1.22,143266248,14070569.0,1.22,1.2,1.02533,20250914T022720Z"
"omni-network,omni,Omni Network,3.61,143086079,33781764.0,3.64,3.51,2.49814,20250914T022720Z"
"stepn,gmt,GMT,0.04550097,141508721,25019023.0,0.04602197,0.04473038,0.76829,20250914T022720Z"
"renzo-restaked-lst,pzeth,Renzo Restaked LST,5622.59,141445482,78088.0,5686.61,5500.1,-0.09534,20250914T022720Z"
"lcx,lcx,LCX,0.150146,141338520,1139840.0,0.151727,0.149056,-0.95582,20250914T022720Z"
"zignaly,zig,ZIGChain,0.100271,141192440,1858710.0,0.102926,0.100164,-1.40684,20250914T022720Z"
"verus-coin,vrsc,Verus,1.78,141081782,3192.21,2.07,1.66,4.31665,20250914T022720Z"
"woo-network,woo,WOO,0.073894,140764160,8691320.0,0.076104,0.072888,1.28827,20250914T022720Z"
"moonwell-flagship-eth-morpho-vault,mweth,Moonwell Flagship ETH (Morpho Vault),4666.41,140247744,418.61,4747.44,4596.16,-0.61471,20250914T022720Z"
"osaka-protocol,osak,Osaka Protocol,1.83622e-07,139867474,83305.0,1.8783e-07,1.81616e-07,-0.47251,20250914T022720Z"
"clearpool,cpool,Clearpool,0.170374,139326873,4828700.0,0.177716,0.167419,1.2341,20250914T022720Z"
"bitkub-coin,kub,KUB Coin,1.57,139061152,1428149.0,1.63,1.55,0.62199,20250914T022720Z"
"camp-network,camp,Camp Network,0.066247,139059544,57894219.0,0.072441,0.055332,19.43571,20250914T022720Z"
"minidoge-5,minidoge,Minidoge,1.97908e-07,138253451,2221557.0,2.11281e-07,1.75984e-07,0.19873,20250914T022720Z"
"rollbit-coin,rlb,Rollbit Coin,0.071669,138249050,375503.0,0.072102,0.069207,2.07011,20250914T022720Z"
"zencash,zen,Horizen,7.95,137749103,11573220.0,7.98,7.73,1.8811,20250914T022720Z"
"enjincoin,enj,Enjin Coin,0.073151,137673632,9440590.0,0.074441,0.072204,0.9205,20250914T022720Z"
"casper-network,cspr,Casper Network,0.01023645,137258918,4313105.0,0.01033025,0.0099951,2.34923,20250914T022720Z"
"spiko-us-t-bills-money-market-fund,ustbl,Spiko US T-Bills Money Market Fund,1.058,136418003,0.0,1.058,1.058,0.0,20250914T022720Z"
"kelp-gain,ageth,Kelp Gain,4863.88,136335969,68180.0,4943.06,4790.14,-0.6397,20250914T022720Z"
"kadena,kda,Kadena,0.411803,136063472,7866291.0,0.419364,0.400001,2.77235,20250914T022720Z"
"vana,vana,Vana,4.42,136017382,8378974.0,4.56,4.34,-2.22705,20250914T022720Z"
"babylon,baby,Babylon,0.051782,135902000,14606778.0,0.052964,0.051088,-0.19674,20250914T022720Z"
"ontology,ont,Ontology,0.147869,135509652,10801054.0,0.14902,0.144101,2.39441,20250914T022720Z"
"degen-base,degen,Degen,0.00363423,134316751,12538788.0,0.00376613,0.00357441,-0.736,20250914T022720Z"
"mask-network,mask,Mask Network,1.33,133496377,18613251.0,1.35,1.31,-0.09982,20250914T022720Z"
"io,io,io.net,0.649073,132623638,32751476.0,0.675559,0.642021,-0.50299,20250914T022720Z"
"coti,coti,COTI,0.056199,132354139,25948690.0,0.057527,0.052382,7.12681,20250914T022720Z"
"api3,api3,Api3,1.018,131343058,46031952.0,1.028,0.995825,2.12317,20250914T022720Z"
"osmosis,osmo,Osmosis,0.176009,130968663,9127920.0,0.178615,0.172761,1.72138,20250914T022720Z"
"gigachad-2,giga,Gigachad,0.01363061,130946472,3909534.0,0.01428642,0.01334448,1.02982,20250914T022720Z"
"hashkey-ecopoints,hsk,HashKey Platform Token,0.41978,130639799,1766237.0,0.437148,0.412462,-2.53868,20250914T022720Z"
"band-protocol,band,Band,0.787221,130340261,11658199.0,0.799258,0.771783,1.84711,20250914T022720Z"
"portal-to-bitcoin,ptb,Portal to Bitcoin,0.065044,130223757,42716100.0,0.068719,0.060324,1.25466,20250914T022720Z"
"uma,uma,UMA,1.44,129183766,18009531.0,1.45,1.4,1.29075,20250914T022720Z"
"crvusd,crvusd,crvUSD,0.999706,129098041,11705717.0,1.003,0.99699,-0.05185,20250914T022720Z"
"solo-coin,solo,Sologenic,0.321248,128242655,2851710.0,0.326486,0.315312,0.09818,20250914T022720Z"
"elixir-deusd,deusd,Elixir deUSD,0.999307,127354143,328814.0,1.002,0.997452,-0.01671,20250914T022720Z"
"dola-usd,dola,DOLA,0.995294,127024197,1941690.0,0.995523,0.993888,0.02611,20250914T022720Z"
"ket,ket,Ket,0.125467,126533951,2202211.0,0.143819,0.109389,14.65447,20250914T022720Z"
"loopring,lrc,Loopring,0.100604,125265922,14431937.0,0.101475,0.098488,2.01061,20250914T022720Z"
"aixbt,aixbt,aixbt,0.126331,123804393,35665845.0,0.132215,0.122767,1.87737,20250914T022720Z"
"verasity,vra,Verasity,0.00144426,123567177,17918536.0,0.00148998,0.00138866,3.91332,20250914T022720Z"
"nano,xno,Nano,0.915942,122007118,2998569.0,0.920009,0.901808,0.89576,20250914T022720Z"
"ai-companions,aic,AI Companions,0.121319,121319154,3650986.0,0.122112,0.11778,1.48843,20250914T022720Z"
"shuffle-2,shfl,Shuffle,0.368868,121231445,502115.0,0.395329,0.367027,-4.95069,20250914T022720Z"
"f-x-protocol-fxusd,fxusd,f(x) Protocol fxUSD,0.999484,120808341,4060657.0,0.999882,0.999416,-0.02135,20250914T022720Z"
"magic-eden,me,Magic Eden,0.721587,120613608,20963110.0,0.727935,0.706795,1.87458,20250914T022720Z"
"blast,blast,Blast,0.00262669,120273444,7109330.0,0.00269238,0.00259258,-1.94259,20250914T022720Z"
"swipe,sxp,Solar,0.183605,120193037,5537748.0,0.184563,0.181219,0.8128,20250914T022720Z"
"chex-token,chex,Chintai,0.119252,119288947,1347629.0,0.121405,0.112221,4.03465,20250914T022720Z"
"anzen-usdz,usdz,Anzen USDz,0.989138,119185412,43991.0,0.989422,0.986431,0.17109,20250914T022720Z"
"solayer,layer,Solayer,0.566967,118962004,13864903.0,0.573768,0.556404,0.80561,20250914T022720Z"
"lorenzo-stbtc,stbtc,Lorenzo stBTC,115888.0,118924561,8098.9,116270.0,114956.0,-0.13299,20250914T022720Z"
"stp-network,awe,AWE Network,0.061049,118843313,21090542.0,0.065612,0.060495,-6.42933,20250914T022720Z"
"aura-on-sol,aura,aura,0.122455,118152851,3448018.0,0.125905,0.119247,-2.47191,20250914T022720Z"
"waves,waves,Waves,1.18,118013611,25547843.0,1.21,1.14,2.94121,20250914T022720Z"
"ronin-bridged-weth-ronin,weth,Ronin Bridged WETH (Ronin),4681.67,117714770,1890481.0,4761.99,4616.53,-0.5045,20250914T022720Z"
"sbtc-2,sbtc,sBTC,117686.0,117684248,27256.0,119712.0,115893.0,-0.75318,20250914T022720Z"
"spark-2,spk,Spark,0.069631,116350390,43380762.0,0.070594,0.067531,1.03522,20250914T022720Z"
"stronghold-token,shx,Stronghold,0.02164821,116339673,1512351.0,0.02234207,0.02096976,-2.9705,20250914T022720Z"
"amnis-aptos,amapt,Amnis Aptos,4.61,116247074,790591.0,4.72,4.57,0.39993,20250914T022720Z"
"avant-usd,avusd,Avant USD,0.998971,115744664,365746.0,1.005,0.996751,-0.10248,20250914T022720Z"
"purr-2,purr,Purr,0.192691,115653457,4662919.0,0.197458,0.186364,0.86963,20250914T022720Z"
"wilder-world,wild,Wilder World,0.2929,115542928,10439422.0,0.317976,0.278824,-1.56032,20250914T022720Z"
"infinifi-usd,iusd,InfiniFi USD,0.999479,115411658,182471.0,1.0,0.999329,-0.04493,20250914T022720Z"
"caldera,era,Caldera,0.775666,115184004,15982666.0,0.780706,0.757836,1.9503,20250914T022720Z"
"pythia,pythia,PYTHIA,0.114848,114851319,6508399.0,0.120947,0.110285,-4.5273,20250914T022720Z"
"wrapped-centrifuge,wcfg,Wrapped Centrifuge,0.29902,114586828,82181.0,0.306832,0.296996,-1.30815,20250914T022720Z"
"savings-xdai,sdai,Savings xDAI,1.2,114519940,2455982.0,1.2,1.2,0.2001,20250914T022720Z"
"echelon-prime,prime,Echelon Prime,2.11,114487037,2521224.0,2.12,2.05,0.64013,20250914T022720Z"
"constitutiondao,people,ConstitutionDAO,0.02254173,114240500,48544163.0,0.02327208,0.02218881,-1.66335,20250914T022720Z"
"bridged-wrapped-steth-gnosis,wsteth,Bridged Wrapped stETH (Gnosis),5684.32,114017811,2665130.0,5768.55,5591.14,-0.27726,20250914T022720Z"
"ozone-chain,ozo,Ozone Chain,0.131829,113962196,232669.0,0.134945,0.130649,-2.23768,20250914T022720Z"
"gohome,gohome,GOHOME,215.94,113205813,4169142.0,215.74,210.38,0.61632,20250914T022720Z"
"aleo,aleo,ALEO,0.23914,112929646,3943373.0,0.246805,0.232643,1.88652,20250914T022720Z"
"gems-vip,gems,Gems VIP,0.18388,112605721,6264008.0,0.19253,0.180412,-3.82761,20250914T022720Z"
"unit-00-rei,rei,Rei,0.112497,112508212,951919.0,0.117808,0.109953,-2.91685,20250914T022720Z"
"wrapped-aave-ethereum-usdc,waethusdc,Wrapped Aave Ethereum USDC,1.14,112437137,33096781.0,1.16,1.12,0.00681,20250914T022720Z"
"goatseus-maximus,goat,Goatseus Maximus,0.112172,112287421,48778829.0,0.120232,0.110419,-6.46153,20250914T022720Z"
"peaq-2,peaq,peaq,0.093279,112259519,9083712.0,0.095892,0.081384,11.13131,20250914T022720Z"
"the-grays-currency,ptgc,The Grays Currency,0.00038531,112178998,80494.0,0.00040385,0.00038191,-0.4383,20250914T022720Z"
"apollo-diversified-credit-securitize-fund,acred,Apollo Diversified Credit Securitize Fund,1062.09,111930307,0.0,1062.4,1061.2,0.0736,20250914T022720Z"
"venus,xvs,Venus,6.68,111822623,9621557.0,6.81,6.6,0.69145,20250914T022720Z"
"monbasecoin,mbc,MonbaseCoin,0.586715,111014373,103735.0,0.59609,0.581189,-1.57271,20250914T022720Z"
"unibase,ub,Unibase,0.04419628,110332351,135322275.0,0.04915097,0.02522866,56.89218,20250914T022720Z"
"bridged-wrapped-ether-starkgate,eth,Bridged Ether (StarkGate),4681.58,109880051,706211.0,4753.73,4620.33,-0.46491,20250914T022720Z"
"avant-staked-usd,savusd,Avant Staked USD,1.082,109358262,175658.0,1.093,1.074,-0.15976,20250914T022720Z"
"terra-luna-2,luna,Terra,0.159039,109345003,14758059.0,0.161444,0.156483,0.33566,20250914T022720Z"
"revox,rex,REVOX,0.054025,109220937,24820881.0,0.055087,0.052269,1.30232,20250914T022720Z"
"status,snt,Status,0.02752578,108970351,8907327.0,0.02767671,0.02627796,4.65871,20250914T022720Z"
"home,home,HOME,0.04007714,108950594,15006312.0,0.04127159,0.0387395,2.5928,20250914T022720Z"
"uchain-2,ucn,UCHAIN,1108.65,108366610,8054947.0,1153.46,1054.19,0.81454,20250914T022720Z"
"big-time,bigtime,Big Time,0.056609,107825874,16623906.0,0.056923,0.055433,1.23601,20250914T022720Z"
"orcib,palmo,ORCIB,0.04286249,107611138,13604.03,0.04272728,0.04154957,0.66429,20250914T022720Z"
"metis-token,metis,Metis,16.32,106984434,6461463.0,16.7,16.05,-0.06549,20250914T022720Z"
"sign-global,sign,Sign,0.078789,106354409,7164108.0,0.081224,0.078093,-0.62107,20250914T022720Z"
"delysium,agi,Delysium,0.053493,106149626,5731801.0,0.055788,0.053336,-2.50064,20250914T022720Z"
"vicicoin,vcnt,ViciCoin,18.6,105973804,123852.0,18.72,18.5,-0.63723,20250914T022720Z"
"biconomy,bico,Biconomy,0.10733,105260518,10196230.0,0.108225,0.105187,1.9781,20250914T022720Z"
"bora,bora,BORA,0.091169,105093338,1014256.0,0.091677,0.089267,1.01154,20250914T022720Z"
"wrapped-aave-ethereum-usdt,waethusdt,Wrapped Aave Ethereum USDT,1.14,104886043,27951755.0,1.15,1.12,-0.00344,20250914T022720Z"
"wiki-cat,wkc,Wiki Cat,1.91757e-07,104616932,875571.0,2.14013e-07,1.85323e-07,-9.02618,20250914T022720Z"
"openvpp,ovpp,OpenVPP,0.13058,104463991,1581442.0,0.157142,0.127355,-13.56758,20250914T022720Z"
"hive,hive,Hive,0.213901,104367809,2162916.0,0.214994,0.210886,1.28105,20250914T022720Z"
"theo-short-duration-us-treasury-fund,thbill,Theo Short Duration US Treasury Fund,1.006,104307169,4578225.0,1.013,1.001,0.07183,20250914T022720Z"
"bitmart-token,bmx,BitMart,0.305692,103769067,6086791.0,0.308836,0.303734,-0.08256,20250914T022720Z"
"restaked-swell-eth,rsweth,Restaked Swell ETH,4875.11,103759835,285219.0,4978.8,4769.62,2.18015,20250914T022720Z"
"entangle,ntgl,Entangle,0.00017148,103745321,13.84,0.0,0.0,0.0,20250914T022720Z"
"ecomi,omi,ECOMI,0.00037917,103737920,6508244.0,0.00043141,0.00029691,26.24597,20250914T022720Z"
"verge,xvg,Verge,0.00626205,103474409,5863706.0,0.00634436,0.00610526,2.22937,20250914T022720Z"
"tellor,trb,Tellor Tributes,37.9,103039590,23739990.0,38.97,37.38,-0.66318,20250914T022720Z"
"onyc,onyc,Onchain Yield Coin,1.028,102847787,216087.0,1.029,1.028,-0.02306,20250914T022720Z"
"alchemy-pay,ach,Alchemy Pay,0.02075088,102577763,26722279.0,0.02108885,0.02038624,0.94086,20250914T022720Z"
"solayer-staked-sol,ssol,Solayer Staked SOL,273.34,101238611,331016.0,273.66,261.39,1.96626,20250914T022720Z"
"manta-network,manta,Manta Network,0.225868,101112077,15460324.0,0.229167,0.219033,2.41613,20250914T022720Z"
"chutes,sn64,Chutes,38.59,101073818,3882332.0,39.59,37.88,1.64901,20250914T022720Z"
"swop-2,swop,Swop,0.01009342,100934134,40.78,0.01009419,0.00989112,2.02719,20250914T022720Z"
"midas-mf-one,mf-one,Midas mF-ONE,1.03,100933179,0.0,1.03,1.029,-0.00569,20250914T022720Z"
"tradable-singapore-fintech-ssl-2,pc0000023,Tradable Singapore Fintech SSL,1.0,100846154,0.0,1.0,1.0,0.0,20250914T022720Z"
"pay-coin,pci,Paycoin,0.098513,100733981,1387938.0,0.099281,0.096534,1.56025,20250914T022720Z"
"bridged-tether-linea,usdt,Bridged Tether (Linea),0.999804,100681246,29220362.0,1.005,0.996233,-0.04182,20250914T022720Z"
"helder,hldr,Helder,0.239629,100303296,6106.67,0.242002,0.238682,-0.37347,20250914T022720Z"
"qusdt,qusdt,QL1 Bridged USDT (QL1),1.0,100040132,7266.66,1.001,1.0,-0.00856,20250914T022720Z"
"freysa-ai,fai,Freysa AI,0.01218157,99689191,712894.0,0.01248925,0.01207704,-0.6954,20250914T022720Z"
"funfair,fun,FUNToken,0.00936182,99459337,7604444.0,0.00938428,0.00904097,3.39081,20250914T022720Z"
"pumpbtc,pumpbtc,pumpBTC,113862.0,99391340,2469.66,114268.0,106494.0,0.23242,20250914T022720Z"
"fx-usd-saving,fxsave,f(x) USD Saving,1.05,99098886,433288.0,1.058,1.049,-0.04266,20250914T022720Z"
"moonwell-artemis,well,Moonwell,0.02723558,98512118,3362697.0,0.02863267,0.0271403,-3.46787,20250914T022720Z"
"vaultbridge-bridged-eth-katana,vbeth,VaultBridge Bridged ETH (Katana),4677.15,98467158,10876785.0,4748.11,4609.73,-0.97767,20250914T022720Z"
"venice-token,vvv,Venice Token,2.71,98348799,2751368.0,2.88,2.66,-1.83867,20250914T022720Z"
"bonfida,fida,Bonfida (aka SNS),0.098963,98047534,18601957.0,0.100426,0.096694,-0.07983,20250914T022720Z"
"iostoken,iost,IOST,0.00349029,98029992,7891160.0,0.00349827,0.0034275,1.34564,20250914T022720Z"
"ben-pasternak,launchcoin,Launch Coin on Believe,0.097528,97602526,34368809.0,0.102481,0.088438,-4.04556,20250914T022720Z"
"ark,ark,ARK,0.510225,97489809,41636110.0,0.530179,0.459525,10.69339,20250914T022720Z"
"hyperbeat-usdt,hbusdt,Hyperbeat USDT,1.033,97383867,217490.0,1.036,1.021,0.65804,20250914T022720Z"
"marinade,mnde,Marinade,0.173348,97372064,3271829.0,0.189289,0.170805,-8.12514,20250914T022720Z"
"reservoir-srusd,srusd,Reservoir srUSD,1.093,97339849,41.3,1.096,1.091,-0.04197,20250914T022720Z"
"onfa,oft,ONFA,0.863796,97178390,3802030.0,0.873784,0.849572,0.66929,20250914T022720Z"
"steakhouse-eth-morpho-vault,steaketh,Steakhouse ETH Morpho Vault,4834.91,96638767,0.0,4911.66,4764.66,-0.56838,20250914T022720Z"
"constellation-labs,dag,Constellation,0.03365565,96542276,2036289.0,0.03502459,0.02936489,12.21091,20250914T022720Z"
"banana-gun,banana,Banana Gun,23.89,95727867,21933301.0,23.89,21.89,6.84007,20250914T022720Z"
"l2-standard-bridged-weth-optimism,weth,L2 Standard Bridged WETH (Optimism),4681.88,95437726,23650038.0,4772.6,4615.29,-0.65148,20250914T022720Z"
"cap-usd,cusd,Cap USD,1.002,95275785,14029.37,1.005,0.995414,0.05836,20250914T022720Z"
"cyberconnect,cyber,CYBER,1.94,94735900,43951094.0,1.96,1.84,4.11502,20250914T022720Z"
"swftcoin,swftc,SWFTCOIN,0.00947511,94667501,900162.0,0.0096191,0.00941636,-0.86875,20250914T022720Z"
"liquid-hype-yield,liquidhype,Liquid HYPE Yield,54.84,94392738,127612.0,56.56,54.02,-1.17011,20250914T022720Z"
"across-protocol,acx,Across Protocol,0.154635,94369149,10245813.0,0.157049,0.151982,0.9508,20250914T022720Z"
"novem-pro,nvm,Novem Pro,0.410611,94144019,403611.0,0.410725,0.410581,-0.00851,20250914T022720Z"
"carv,carv,CARV,0.318729,94134732,12977074.0,0.323815,0.31681,-0.22147,20250914T022720Z"
"aevo-exchange,aevo,Aevo,0.103017,94045307,24994468.0,0.105246,0.101398,0.8608,20250914T022720Z"
"beets-staked-sonic,sts,Beets Staked Sonic,0.331904,92577090,1407833.0,0.335934,0.324112,1.76791,20250914T022720Z"
"anime,anime,Animecoin,0.01672059,92568999,15657416.0,0.01707596,0.0164798,0.69955,20250914T022720Z"
"ardor,ardr,Ardor,0.09165,91475810,21372672.0,0.092945,0.089071,2.53527,20250914T022720Z"
"request-network,req,Request,0.122656,91320087,3958718.0,0.126034,0.122397,-0.11409,20250914T022720Z"
"power-ledger,powr,Powerledger,0.172245,91260450,5657800.0,0.172884,0.169017,1.28173,20250914T022720Z"
"dia-data,dia,DIA,0.760708,91049319,12649983.0,0.769807,0.741994,0.42323,20250914T022720Z"
"iexec-rlc,rlc,iExec RLC,1.25,90817640,18684146.0,1.3,1.24,-1.08897,20250914T022720Z"
"pha,pha,PHALA,0.112007,90787818,13112797.0,0.113234,0.109353,-0.69364,20250914T022720Z"
"stratis,strax,Stratis,0.0451446,90551141,1777093.0,0.0451645,0.04447006,1.24357,20250914T022720Z"
"sats-ordinals,sats,SATS (Ordinals),4.2948e-08,90187977,9426521.0,4.3507e-08,4.1832e-08,0.46142,20250914T022720Z"
"project-galaxy,gal,GAL (migrated to Gravity - G),0.703498,89871436,59497.0,0.736998,0.677919,-2.53367,20250914T022720Z"
"diamond-launch,dlc,Diverge Loop,0.100927,89825154,9285.42,0.107265,0.096889,1.40738,20250914T022720Z"
"codatta,xny,Codatta,0.01098672,89799143,7841293.0,0.01249782,0.01055777,-6.48692,20250914T022720Z"
"b3,b3,B3 (Base),0.00275417,89659844,3883925.0,0.00287229,0.00274674,-1.29778,20250914T022720Z"
"orbs,orbs,Orbs,0.01910395,89602905,4807651.0,0.01923103,0.01884061,1.13914,20250914T022720Z"
"rujira,ruji,Rujira,1.2,89257393,265933.0,1.22,1.17,1.3412,20250914T022720Z"
"g-token,g,Gravity (by Galxe),0.01228644,88889722,6713748.0,0.01235962,0.01189521,2.66156,20250914T022720Z"
"songbird,sgb,Songbird,0.00553429,88177585,171611.0,0.0055507,0.00541582,0.76148,20250914T022720Z"
"dfdv-staked-sol,dfdvsol,DFDV Staked SOL,252.71,88019393,21.71,252.71,244.68,1.45284,20250914T022720Z"
"chromaway,chr,Chromia,0.104107,87971030,18690009.0,0.106069,0.102131,-0.32659,20250914T022720Z"
"susda,susda,sUSDa,1.009,87942344,0.0,0.0,0.0,0.0,20250914T022720Z"
"temple,temple,TempleDAO,3.7,87888419,758.45,3.72,3.69,0.48062,20250914T022720Z"
"coreum,coreum,Coreum,0.135252,87868837,648127.0,0.147075,0.13543,-3.19593,20250914T022720Z"
"cronos-bridged-usdt-cronos,usdt,Cronos Bridged USDT (Cronos),0.997591,87729315,205113.0,1.004,0.993355,0.2223,20250914T022720Z"
"bancor,bnt,Bancor Network,0.778858,87602303,9863668.0,0.793742,0.770664,-0.84637,20250914T022720Z"
"bim-2,bim,BIM,2.91,87186793,297079.0,2.95,2.89,-0.89253,20250914T022720Z"
"zelcash,flux,Flux,0.223146,87126570,4841533.0,0.227207,0.221563,-0.59041,20250914T022720Z"
"audius,audio,Audius,0.064257,87095544,17908184.0,0.065898,0.063397,1.1782,20250914T022720Z"
"hifi-finance,hifi,Hifi Finance,0.573059,86985722,439740434.0,0.704436,0.415209,38.01715,20250914T022720Z"
"chaingpt,cgpt,ChainGPT,0.101422,86948124,18185321.0,0.103552,0.099301,1.07978,20250914T022720Z"
"pundi-x-2,pundix,Pundi X,0.334691,86501858,4066999.0,0.336061,0.329075,0.75829,20250914T022720Z"
"singularitynet,agix,SingularityNET,0.296432,86373847,27913.0,0.299657,0.293375,0.57384,20250914T022720Z"
"cookie,cookie,Cookie DAO,0.140797,86305144,13453002.0,0.14669,0.137984,-1.59359,20250914T022720Z"
"harrypotterobamasonic10in,bitcoin,HarryPotterObamaSonic10Inu (ETH),0.086171,86154873,5652794.0,0.089371,0.083552,2.60157,20250914T022720Z"
"dymension,dym,Dymension,0.235119,85747136,16067398.0,0.238199,0.228434,1.97107,20250914T022720Z"
"relend-usdc,reusdc,Relend USDC,1.082,85312011,0.0,1.082,1.081,0.028,20250914T022720Z"
"liquity,lqty,Liquity,0.871982,85241159,13181306.0,0.89022,0.856256,0.87566,20250914T022720Z"
"spell-token,spell,Spell,0.00050647,84446564,8948964.0,0.00051181,0.00049849,0.32952,20250914T022720Z"
"cross-2,cross,Cross,0.251226,84108257,7607122.0,0.25156,0.237485,1.02467,20250914T022720Z"
"vine,vine,Vine,0.083653,83728383,69842215.0,0.090439,0.079897,4.14731,20250914T022720Z"
"balancer,bal,Balancer,1.29,83364166,3875496.0,1.32,1.28,-1.19159,20250914T022720Z"
"cetus-protocol,cetus,Cetus Protocol,0.098448,83323878,21030821.0,0.10157,0.09686,0.30824,20250914T022720Z"
"quantixai,qai,QuantixAI,103.54,83291430,8744933.0,103.53,102.84,0.10843,20250914T022720Z"
"comedian,ban,Comedian,0.083111,83107423,8554652.0,0.084828,0.0819,-2.02509,20250914T022720Z"
"everipedia,iq,IQ,0.00358829,82637822,4378358.0,0.00361825,0.00351174,1.95484,20250914T022720Z"
"edu-coin,edu,Open Campus,0.141439,82412094,7590989.0,0.142512,0.138495,2.1257,20250914T022720Z"
"debridge,dbr,deBridge,0.02341087,82218073,7352692.0,0.02467906,0.02321039,-1.81018,20250914T022720Z"
"mass-vehicle-ledger,mvl,MVL,0.00302203,82158091,694685.0,0.00302196,0.00296913,1.67975,20250914T022720Z"
"soon-2,soon,SOON,0.32257,82149866,13926980.0,0.340785,0.322386,-4.2368,20250914T022720Z"
"six,six,Six Sigma,0.054446,81941324,6632.74,0.054628,0.050968,3.60699,20250914T022720Z"
"saga-2,saga,Saga,0.273103,80460478,20641222.0,0.282742,0.267457,-0.46674,20250914T022720Z"
"staked-usd1,susd1+,staked USD1+,1.003,80380860,29.46,1.005,0.999798,-0.00561,20250914T022720Z"
"taiko,taiko,Taiko,0.437157,80308932,9403470.0,0.442863,0.434777,-0.13315,20250914T022720Z"
"bridged-usd-coin-starkgate,usdc,Bridged USD Coin (StarkGate),0.999706,80202435,1655767.0,0.999855,0.999625,-0.00821,20250914T022720Z"
"sonic-svm,sonic,Sonic SVM,0.222871,80202428,16142253.0,0.226119,0.219577,1.19735,20250914T022720Z"
"flock-2,flock,FLOCK,0.356629,80088504,20498899.0,0.374179,0.355134,-2.04043,20250914T022720Z"
"hivemapper,honey,Hivemapper,0.01695265,80057707,1168054.0,0.01716218,0.01631121,2.98309,20250914T022720Z"
"resupply-usd,reusd,Resupply USD,0.989672,79736918,11371229.0,0.997108,0.989202,-0.03915,20250914T022720Z"
"paal-ai,paal,PAAL AI,0.088783,79624015,7585597.0,0.091268,0.08116,8.59049,20250914T022720Z"
"alchemist-ai,alch,Alchemist AI,0.093363,79497664,18894845.0,0.097611,0.088513,0.90775,20250914T022720Z"
"tokenlon,lon,Tokenlon,0.640745,79270271,122407.0,0.650062,0.637838,-0.78919,20250914T022720Z"
"zentry,zent,Zentry,0.01035009,78511015,28035093.0,0.01182217,0.0102182,-5.39444,20250914T022720Z"
"lisk,lsk,Lisk,0.390216,78290538,6189807.0,0.390076,0.38178,2.17624,20250914T022720Z"
"tharwa,trwa,Tharwa,0.0111203,77892025,1681906.0,0.01274742,0.01111165,-12.62987,20250914T022720Z"
"cartesi,ctsi,Cartesi,0.087394,76912890,33657241.0,0.089001,0.082104,5.64285,20250914T022720Z"
"luck-3,luck,Luckify,0.384459,76891585,2522596.0,0.392943,0.378976,-0.52973,20250914T022720Z"
"terrausd,ustc,TerraClassicUSD,0.01374195,76815218,6657394.0,0.01414682,0.01361723,0.14993,20250914T022720Z"
"dogs-2,dogs,Dogs,0.00014847,76685519,17671944.0,0.00014908,0.0001429,2.02728,20250914T022720Z"
"bitdca,bdca,BitDCA,1.018,76641966,617559.0,1.02,0.990898,1.8439,20250914T022720Z"
"apertum,aptm,Apertum,1.36,76606576,6604206.0,1.42,1.34,-3.7108,20250914T022720Z"
"daku-v2,daku,Daku V2,0.12665,76377820,4093.77,0.127308,0.121502,0.47665,20250914T022720Z"
"definitive,edge,Definitive,0.376435,76307583,6920034.0,0.443749,0.368691,-8.32046,20250914T022720Z"
"dent,dent,Dent,0.00079654,76212694,5799402.0,0.0008123,0.00078705,0.90032,20250914T022720Z"
"dkargo,dka,dKargo,0.01520119,76003554,1609902.0,0.01523989,0.01501979,1.11286,20250914T022720Z"
"sapien-2,sapien,Sapien,0.303928,75982108,50673964.0,0.343555,0.268901,12.20079,20250914T022720Z"
"unit-fartcoin,ufart,Unit Fartcoin,0.948464,75676155,222660.0,0.969966,0.898034,4.00478,20250914T022720Z"
"mashida,mshd,Mashida,0.00756378,75614326,42811.0,0.00756943,0.00716375,3.91079,20250914T022720Z"
"subsquid,sqd,SQD,0.093229,75551765,29651212.0,0.100084,0.081792,13.67274,20250914T022720Z"
"civic,cvc,Civic,0.094208,75532437,9746470.0,0.094258,0.091651,2.58548,20250914T022720Z"
"felix-feusd,feusd,Felix feUSD,0.99558,75531560,2909622.0,0.998958,0.990218,0.42433,20250914T022720Z"
"siren-2,siren,Siren,0.103277,75486745,3586862.0,0.103419,0.095614,5.16987,20250914T022720Z"
"usual,usual,Usual,0.071466,74946420,19940657.0,0.072871,0.069547,0.70015,20250914T022720Z"
"mythos,myth,Mythos,0.094033,74888281,1955212.0,0.101327,0.091652,1.52463,20250914T022720Z"
"reservoir-rusd,rusd,Reservoir rUSD,1.0,74719452,2011.98,1.002,0.997638,-0.07452,20250914T022720Z"
"milk-alliance,mlk,MiL.k,0.150701,74526073,5990734.0,0.151214,0.149089,1.0747,20250914T022720Z"
"vaneck-treasury-fund,vbill,VanEck Treasury Fund,1.0,74514609,0.0,1.0,1.0,0.0,20250914T022720Z"
"torch-of-liberty,liberty,Torch of Liberty,0.074292,74247519,3622374.0,0.081838,0.07417,-6.73787,20250914T022720Z"
"ong,ong,Ontology Gas,0.17437,74081965,2636879.0,0.174433,0.171217,0.98683,20250914T022720Z"
"puff-the-dragon,puff,Puff The Dragon,0.082822,73721559,119434.0,0.083282,0.082372,0.22828,20250914T022720Z"
"space-id,id,SPACE ID,0.170283,73309008,12781387.0,0.173254,0.168069,0.21871,20250914T022720Z"
"socean-staked-sol,inf,Sanctum Infinity,335.47,73262672,4856719.0,335.86,321.06,1.90382,20250914T022720Z"
"nobody-sausage,nobody,Nobody Sausage,0.077889,73154454,3914660.0,0.078791,0.071153,3.15349,20250914T022720Z"
"bc-token,bc,BCGame Coin,0.00729233,73092500,3183.95,0.00730794,0.00701372,1.41461,20250914T022720Z"
"wax,waxp,WAX,0.02085871,73029832,3580422.0,0.02099862,0.02057269,0.62054,20250914T022720Z"
"steem,steem,Steem,0.138747,73000258,6485645.0,0.139379,0.136092,1.94031,20250914T022720Z"
"vaultbridge-bridged-usdc-katana,vbusdc,VaultBridge Bridged USDC (Katana),0.998889,72918066,17685739.0,1.007,0.996529,-0.30888,20250914T022720Z"
"nkyc-token,nkyc,NKYC Token,18.19,72750257,227693.0,18.47,17.89,-0.40391,20250914T022720Z"
"marlin,pond,Marlin,0.00886749,72714671,3397053.0,0.00897143,0.00874002,1.45846,20250914T022720Z"
"huobi-token,ht,Huobi,0.455534,72647192,59749.0,0.490688,0.430306,3.10354,20250914T022720Z"
"sui-bridged-ether-sui,sbeth,Sui Bridged Ether (Sui),4675.69,72538926,3093416.0,4750.81,4615.79,-0.47014,20250914T022720Z"
"xai-blockchain,xai,Xai,0.056691,72532259,22957776.0,0.058062,0.055566,-0.5343,20250914T022720Z"
"eth0,eth0,Usual ETH,4699.04,72521685,3914.92,4745.96,4689.87,-0.0093,20250914T022720Z"
"usdx,usdx,USDX,0.649199,72429852,1844.13,0.0,0.0,0.0,20250914T022720Z"
"energy-web-token,ewt,Energy Web,1.19,72139223,509577.0,1.23,1.16,1.33339,20250914T022720Z"
"tagger,tag,TAGGER,0.00066491,72095601,5780991.0,0.00068485,0.0006384,4.07718,20250914T022720Z"
"ethernity-chain,ern,Ethernity Chain,3.0,72091340,37424.0,3.91,2.27,-1.85786,20250914T022720Z"
"ssv-network,ssv,SSV Network,10.18,72081718,23557393.0,10.31,9.62,4.90587,20250914T022720Z"
"moonbeam,glmr,Moonbeam,0.070961,71727633,5751780.0,0.072633,0.069892,0.58604,20250914T022720Z"
"whiteheart,white,Whiteheart,8068.3,71711034,2397.66,8128.6,8033.1,0.19897,20250914T022720Z"
"collector-crypt,cards,Collector Crypt,0.296933,71553239,30767029.0,0.32369,0.197525,43.65738,20250914T022720Z"
"usd-coin-ethereum-bridged,usdc.e,Arbitrum Bridged USDC (Arbitrum),0.999772,71400909,19414029.0,1.003,0.997617,0.04878,20250914T022720Z"
"ridges-ai,sn62,Ridges AI,27.58,71342215,13049462.0,29.47,27.22,-4.78051,20250914T022720Z"
"og-fan-token,og,OG Fan Token,16.5,71075094,32311858.0,17.73,16.34,-1.87248,20250914T022720Z"
"tokamak-network,ton,Tokamak Network,1.32,70993820,751936.0,1.33,1.3,1.63209,20250914T022720Z"
"lagrange,la,Lagrange,0.367317,70842708,9155587.0,0.374605,0.363554,-0.17441,20250914T022720Z"
"storx,srx,StorX,0.100395,70707485,3332451.0,0.102211,0.094031,6.68185,20250914T022720Z"
"auki-labs,auki,Auki,0.02877576,70637452,459631.0,0.03009466,0.02824596,-2.87387,20250914T022720Z"
"joe,joe,JOE,0.174854,70506529,8760021.0,0.180338,0.169488,3.16574,20250914T022720Z"
"smooth-love-potion,slp,Smooth Love Potion,0.00195694,70431740,7410419.0,0.0020305,0.00191945,0.63575,20250914T022720Z"
"arcblock,abt,Arcblock,0.711815,70252411,462595.0,0.738644,0.71089,-3.24281,20250914T022720Z"
"gains-network,gns,Gains Network,2.46,70040111,2603598.0,2.5,2.43,1.09429,20250914T022720Z"
"andy-the-wisguy,andy,ANDY ETH,7.007e-05,69917493,515263.0,7.248e-05,6.802e-05,-2.94544,20250914T022720Z"
"ergo,erg,Ergo,0.852506,69839254,304751.0,0.888709,0.840373,-1.60646,20250914T022720Z"
"magic,magic,Treasure,0.221323,69775244,34143640.0,0.224468,0.217856,1.03916,20250914T022720Z"
"seraph,seraph,Seraph,0.250547,69738287,12489584.0,0.278535,0.245116,-1.07644,20250914T022720Z"
"epic-chain,epic,Epic Chain,2.31,69712635,20173291.0,2.36,2.07,11.80602,20250914T022720Z"
"dovu-2,dovu,DOVU,0.00697634,69660908,2677193.0,0.00832238,0.00569406,21.91269,20250914T022720Z"
"pocket-network,pokt,Pocket Network,0.03415567,68700161,3271553.0,0.03480083,0.03386906,0.22601,20250914T022720Z"
"evil-larry,larry,Evil Larry,0.068341,68443035,624920.0,0.074809,0.066386,-8.0312,20250914T022720Z"
"vaultbridge-bridged-wbtc-katana,vbwbtc,VaultBridge Bridged WBTC (Katana),115885.0,68350494,769955.0,116340.0,115370.0,-0.38277,20250914T022720Z"
"ondo-u-s-dollar-token,usdon,Ondo U.S. Dollar Token,1.0,68350091,1215977.0,1.0,1.0,0.0,20250914T022720Z"
"kyber-network-crystal,knc,Kyber Network Crystal,0.400369,68120558,13002574.0,0.404827,0.39501,1.35675,20250914T022720Z"
"deso,deso,Decentralized Social,6.47,68088109,62668.0,6.67,6.36,-0.81211,20250914T022720Z"
"paxos-standard,usdp,Pax Dollar,0.999949,67950443,2387271.0,1.0,0.999302,0.01796,20250914T022720Z"
"dolomite,dolo,Dolomite,0.173321,67917103,23538554.0,0.177071,0.169602,-0.27096,20250914T022720Z"
"researchcoin,rsc,ResearchCoin,0.569238,67794575,710727.0,0.608103,0.563185,-5.77022,20250914T022720Z"
"tokpie,tkp,TOKPIE,0.849809,67412451,38255.0,0.856445,0.82752,0.28576,20250914T022720Z"
"avail,avail,Avail,0.0194867,67001031,35403113.0,0.0206428,0.01375452,41.39743,20250914T022720Z"
"bouncebit,bb,BounceBit,0.163618,66970847,26910613.0,0.165962,0.160148,0.13326,20250914T022720Z"
"auction,auction,Bounce,10.04,66175086,17956625.0,10.16,9.91,1.12621,20250914T022720Z"
"lorenzo-wrapped-bitcoin,enzobtc,Lorenzo Wrapped Bitcoin,111224.0,66113213,8668.91,0.0,0.0,0.0,20250914T022720Z"
"scroll,scr,Scroll,0.347773,66074594,10724886.0,0.357373,0.343284,-0.42108,20250914T022720Z"
"sophon,soph,Sophon,0.03295032,65884522,14329912.0,0.0333377,0.03245043,0.4251,20250914T022720Z"
"metal,mtl,Metal DAO,0.764958,65813587,10750872.0,0.78375,0.731965,4.50734,20250914T022720Z"
"sai,sai,Sai,24.58,65754083,937.76,25.0,24.09,-0.85544,20250914T022720Z"
"staked-frax,sfrax,Staked FRAX,1.068,65716291,6.04,1.08,1.067,-1.02624,20250914T022720Z"
"nillion,nil,Nillion,0.333225,64985956,11095221.0,0.332672,0.312656,4.76167,20250914T022720Z"
"polyhedra-network,zkj,Polyhedra Network,0.182721,64919915,3452389.0,0.186512,0.179863,0.70851,20250914T022720Z"
"apu-s-club,apu,Apu Apustaja,0.00019149,64688804,1136741.0,0.0001947,0.00017951,2.83403,20250914T022720Z"
"wrapped-fragsol,wfragsol,Wrapped fragSOL,264.83,64599763,332145.0,264.86,253.01,2.59071,20250914T022720Z"
"straitsx-xusd,xusd,StraitsX XUSD,0.999834,64472643,11114995.0,1.0,0.999722,-0.0602,20250914T022720Z"
"mindwavedao,nila,MindWaveDAO,0.076031,64076751,6.08,0.076051,0.076025,-0.001,20250914T022720Z"
"zedxion,zedxion,Zedxion,0.523418,64033004,539352.0,0.525585,0.516987,0.2961,20250914T022720Z"
"zeus-network,zeus,Zeus Network,0.166517,63964801,22499361.0,0.172554,0.145076,10.24635,20250914T022720Z"
"coinshift-usdl-morpho-vault,csusdl,Coinshift USDL Morpho Vault,1.038,63964684,0.0,1.051,1.032,-0.5813,20250914T022720Z"
"yzy,yzy,YZY,0.491167,63808942,9146512.0,0.499013,0.433411,11.2795,20250914T022720Z"
"radix,xrd,Radix,0.00538637,63759969,641950.0,0.00584167,0.00499405,-7.43455,20250914T022720Z"
"banana-for-scale-2,bananas31,Banana For Scale,0.00632894,63278373,10736750.0,0.00639698,0.00620501,1.51385,20250914T022720Z"
"alethea-artificial-liquid-intelligence-token,ali,Artificial Liquid Intelligence,0.00689953,62909105,1500229.0,0.00695347,0.00679524,0.14804,20250914T022720Z"
"initia,init,Initia,0.381786,62886613,22538637.0,0.397244,0.375633,-0.95941,20250914T022720Z"
"solv-protocol,solv,Solv Protocol,0.04234928,62773312,13845327.0,0.04265913,0.04179977,0.29947,20250914T022720Z"
"solv-protocol-solvbtc-jupiter,solvbtc.jup,Solv Protocol SolvBTC Jupiter,123420.0,62749207,556.86,124424.0,121911.0,0.30748,20250914T022720Z"
"ponke,ponke,PONKE,0.112671,62582893,9058530.0,0.117803,0.110605,-2.70936,20250914T022720Z"
"liqwid-finance,lq,Liqwid Finance,3.09,62459031,10072.31,3.19,3.03,-1.29388,20250914T022720Z"
"neutron-3,ntrn,Neutron,0.102117,62228622,3793408.0,0.10408,0.100591,0.51476,20250914T022720Z"
"bugscoin,bgsc,BugsCoin,0.00880862,62179401,3376547.0,0.00907666,0.0084182,-0.79752,20250914T022720Z"
"rif-token,rif,Rootstock Infrastructure Framework,0.062023,62020912,1640323.0,0.062024,0.060768,2.0649,20250914T022720Z"
"mnee-usd-stablecoin,mnee,MNEE USD Stablecoin,0.9968,61978057,87953.0,1.003,0.996707,0.00147,20250914T022720Z"
"moonriver,movr,Moonriver,6.11,61112727,7414545.0,6.28,6.01,1.07575,20250914T022720Z"
"adventure-gold,agld,Adventure Gold,0.706203,61106108,18969826.0,0.712326,0.69383,0.47806,20250914T022720Z"
"frax-usd,frxusd,Frax USD,1.0,60901663,7092735.0,1.001,0.999027,0.01848,20250914T022720Z"
"usda-3,usda,USDA,0.998911,60761625,15215796.0,1.003,0.983861,-0.00713,20250914T022720Z"
"coca,coca,COCA,0.533008,60586830,228171.0,0.536361,0.522499,1.2297,20250914T022720Z"
"concordium,ccd,Concordium,0.00519625,60526707,442027.0,0.00523344,0.00502289,2.76023,20250914T022720Z"
"newton-protocol,newt,Newton Protocol,0.28141,60513887,11189995.0,0.28749,0.277812,1.18689,20250914T022720Z"
"binance-peg-avalanche,avax,Binance-Peg Avalanche,30.18,60312040,357031.0,31.12,28.99,4.11181,20250914T022720Z"
"zircuit,zrc,Zircuit,0.02742064,60154355,10020633.0,0.02787512,0.0269681,-0.40202,20250914T022720Z"
"pup-token,pup,PUP Token,0.093602,60134022,2350912.0,0.101157,0.071328,5.90482,20250914T022720Z"
"token-pocket,tpt,TokenPocket Token,0.0173021,59993232,138912.0,0.01739298,0.01680165,1.74785,20250914T022720Z"
"bifrost,bfc,Bifrost,0.04290562,59720859,1487301.0,0.04320257,0.04196196,1.08451,20250914T022720Z"
"secret,scrt,Secret,0.187272,59700108,3287317.0,0.189498,0.184119,1.71257,20250914T022720Z"
"electroneum,etn,Electroneum,0.00332195,59693945,1049455.0,0.00345721,0.00322973,-3.66885,20250914T022720Z"
"vanar-chain,vanry,Vanar Chain,0.03046743,59632805,5025944.0,0.03128924,0.02993102,-0.2992,20250914T022720Z"
"bucket-protocol-buck-stablecoin,buck,Bucket Protocol BUCK Stablecoin,0.999631,59471654,5188332.0,1.001,0.994495,-0.07303,20250914T022720Z"
"wrapped-nxm,wnxm,Wrapped NXM,105.18,59433077,108149.0,107.63,104.63,-1.29232,20250914T022720Z"
"connect-token-wct,wct,WalletConnect Token,0.318934,59360040,34784638.0,0.321792,0.312563,1.59936,20250914T022720Z"
"hyperlane,hyper,Hyperlane,0.338688,59331872,30423799.0,0.346865,0.329466,2.26959,20250914T022720Z"
"lista,lista,Lista DAO,0.27255,59227576,11804908.0,0.275108,0.263897,0.84056,20250914T022720Z"
"ocean-protocol,ocean,Ocean Protocol,0.294947,59127760,175411.0,0.303645,0.291867,0.63388,20250914T022720Z"
"bertram-the-pomeranian,bert,Bertram The Pomeranian,0.059939,58944058,3819228.0,0.067161,0.059474,-10.21911,20250914T022720Z"
"peapods-finance,peas,Peapods Finance,5.93,58943940,527478.0,5.98,5.88,-0.06175,20250914T022720Z"
"dogelon-mars,elon,Dogelon Mars,1.06975e-07,58770614,2537087.0,1.09583e-07,1.05918e-07,-0.62343,20250914T022720Z"
"bankercoin-2,bnkr,BankrCoin,0.00058735,58735465,3461378.0,0.00062444,0.00057068,-5.72604,20250914T022720Z"
"tornado-cash,torn,Tornado Cash,15.37,58579985,2797772.0,18.34,14.37,6.08695,20250914T022720Z"
"cronos-bridged-wbtc-cronos,wbtc,Cronos Bridged WBTC (Cronos),116032.0,58516997,117693.0,116615.0,114354.0,0.80226,20250914T022720Z"
"hashflow,hft,Hashflow,0.097003,58496628,15814988.0,0.097461,0.09291,4.12763,20250914T022720Z"
"quantum-resistant-ledger,qrl,Quantum Resistant Ledger,0.746027,58483230,93709.0,0.848981,0.744448,-11.2055,20250914T022720Z"
"synfutures,f,SynFutures,0.02321329,58405597,490493823.0,0.02695559,0.00952714,128.39054,20250914T022720Z"
"iagon,iag,Iagon,0.155334,58405401,177065.0,0.159453,0.153654,-1.29006,20250914T022720Z"
"savings-crvusd,scrvusd,Savings crvUSD,1.066,58259929,14078440.0,1.072,1.065,-0.00118,20250914T022720Z"
"universal-eth,unieth,Universal ETH,5174.76,57749177,72067.0,5261.94,5096.82,-0.60399,20250914T022720Z"
"mainframe,mft,Mainframe,0.00612848,57525309,7122.78,0.00704727,0.00454672,-1.27827,20250914T022720Z"
"btu-protocol,btu,BTU Protocol,0.718457,57476574,6479.77,0.0,0.0,0.0,20250914T022720Z"
"oasys,oas,Oasys,0.0118232,57384000,2239641.0,0.01187551,0.01135764,2.20379,20250914T022720Z"
"tutorial,tut,Tutorial,0.068431,57354048,5380278.0,0.068801,0.067544,1.06256,20250914T022720Z"
"velodrome-finance,velo,Velodrome Finance,0.055565,57187780,8316812.0,0.055162,0.052376,3.52638,20250914T022720Z"
"blockv,vee,BLOCKv,0.01571883,57076894,28300.0,0.01584194,0.01515707,1.88866,20250914T022720Z"
"railgun,rail,Railgun,0.990076,56933133,135310.0,1.018,0.979441,-1.71522,20250914T022720Z"
"simon-s-cat,cat,Simon's Cat,8.42e-06,56904719,9799723.0,8.72e-06,8.23e-06,-0.56451,20250914T022720Z"
"wmatic,wpol,Wrapped POL,0.283375,56716911,14548958.0,0.287141,0.274511,3.10422,20250914T022720Z"
"gamebuild,game,GameBuild,0.00313036,56675784,4844908.0,0.00314649,0.00306966,1.71859,20250914T022720Z"
"vndc,vndc,VNDC,3.979e-05,56619591,498.16,4.006e-05,3.829e-05,3.54354,20250914T022720Z"
"solidus-aitech,aitech,Solidus Ai Tech,0.03522796,56457759,16436853.0,0.03572842,0.03457637,-0.64674,20250914T022720Z"
"benqi,qi,BENQI,0.00781954,56286036,2802281.0,0.00788661,0.00753704,3.74814,20250914T022720Z"
"wrapped-xrp,wxrp,Wrapped XRP,3.13,56285675,44025.0,3.27,3.07,1.09644,20250914T022720Z"
"bridged-tether-opbnb,usdt,Bridged Tether (opBNB),1.012,56238241,5283.39,1.018,0.979625,1.42445,20250914T022720Z"
"towns,towns,Towns,0.02655955,56043013,25653416.0,0.027201,0.02519171,3.29118,20250914T022720Z"
"chain-key-bitcoin,ckbtc,Chain-key Bitcoin,116149.0,55834173,30109.0,117269.0,114759.0,-0.07663,20250914T022720Z"
"supra,supra,Supra,0.00307908,55462294,1176406.0,0.00323078,0.00305896,-1.78026,20250914T022720Z"
"magic-internet-money,mim,Magic Internet Money (Ethereum),1.001,55417808,20010.0,1.005,0.999746,-0.09695,20250914T022720Z"
"naoris,naoris,Naoris Protocol,0.091629,55158398,22088095.0,0.097629,0.075443,18.61528,20250914T022720Z"
"endurance,ace,Fusionist,0.73199,54981298,139495008.0,0.77345,0.642586,13.62503,20250914T022720Z"
"medibloc,med,Medibloc,0.00545589,54942412,324917.0,0.00548132,0.00541656,0.48829,20250914T022720Z"
"binance-usd,busd,BUSD,0.985288,54924644,1377.12,1.037,0.970738,-1.52874,20250914T022720Z"
"matrixdock-gold,xaum,Matrixdock Gold,3667.36,54751724,259206.0,3690.22,3639.19,0.06613,20250914T022720Z"
"qanplatform,qanx,QANplatform,0.03211425,54612037,166681.0,0.03213107,0.03140351,1.53827,20250914T022720Z"
"looped-hype,lhype,Looped Hype,55.32,54579015,563528.0,56.77,54.43,-0.46064,20250914T022720Z"
"hydradx,hdx,Hydration,0.00926163,54549036,43148.0,0.00927455,0.00899904,2.52223,20250914T022720Z"
"medxt,medxt,MEDXT,0.00260818,54513202,990.61,0.00265196,0.0025878,-0.90236,20250914T022720Z"
"geodnet,geod,Geodnet,0.17153,54462438,541398.0,0.184455,0.170741,-3.25464,20250914T022720Z"
"coin98,c98,Coin98,0.054294,54296841,13578930.0,0.054734,0.05169,5.0046,20250914T022720Z"
"bonk-staked-sol,bonksol,Bonk Staked SOL,279.28,53900776,16721.33,279.31,267.89,2.22476,20250914T022720Z"
"elastos,ela,Elastos,2.35,53751555,775590.0,2.47,2.34,-3.21821,20250914T022720Z"
"neiro-on-eth,neiro,Neiro on ETH,0.053801,53736539,10383517.0,0.064755,0.050983,-13.8461,20250914T022720Z"
"cobak-token,cbk,Cobak,0.555549,53714184,5280991.0,0.558531,0.546717,1.28203,20250914T022720Z"
"certik,ctk,Shentu,0.358178,53507936,2810111.0,0.360276,0.350828,1.31548,20250914T022720Z"
"escoin-token,elg,Escoin,0.289951,53412039,266057.0,0.292313,0.286517,-0.39464,20250914T022720Z"
"chill-guy,chillguy,Just a chill guy,0.053394,53366495,11520894.0,0.056778,0.052205,-2.13408,20250914T022720Z"
"hippo-protocol,hp,Hippo Protocol,0.04497615,53246754,496271.0,0.04510575,0.04432292,1.09289,20250914T022720Z"
"usualx,usualx,USUALx,0.106933,53234623,144.79,0.10766,0.102279,2.54922,20250914T022720Z"
"aergo,aergo,Aergo,0.112702,53219057,6179008.0,0.113774,0.111522,0.12634,20250914T022720Z"
"aurora-near,aurora,Aurora,0.082857,52795127,1701816.0,0.085938,0.081279,1.61104,20250914T022720Z"
"noble-dollar-usdn,usdn,Noble Dollar (USDN),0.999707,52505629,220967.0,0.999819,0.999602,-0.01019,20250914T022720Z"
"seth,seth,sETH,4524.65,52382577,2723.89,4612.5,4455.55,-0.73669,20250914T022720Z"
"wink,win,WINkLink,5.26e-05,52308798,22043246.0,5.453e-05,5.208e-05,-1.83979,20250914T022720Z"
"jelly-my-jelly,jellyjelly,Jelly-My-Jelly,0.052073,52222345,19293910.0,0.061312,0.04724088,-12.44408,20250914T022720Z"
"hairdao,hair,HairDAO,74.96,51996763,389601.0,79.14,67.02,8.92502,20250914T022720Z"
"chainflip,flip,Chainflip,0.76972,51785323,6322241.0,0.773593,0.61967,23.85958,20250914T022720Z"
"stake-link,sdl,stake.link,0.903063,51591571,52515.0,1.012,0.853011,-8.69862,20250914T022720Z"
"trufin-staked-matic,trumatic,TruFin Staked MATIC,0.310342,51528003,612.81,0.313964,0.299788,3.46531,20250914T022720Z"
"bone-shibaswap,bone,Bone ShibaSwap,0.205719,51482180,6304278.0,0.24945,0.200461,-17.5308,20250914T022720Z"
"hunt-token,hunt,Hunt,0.258697,51442924,1804322.0,0.260255,0.250198,2.36707,20250914T022720Z"
"gemini-dollar,gusd,Gemini Dollar,1.001,51264347,1009899.0,1.001,0.999656,0.04785,20250914T022720Z"
"dodo,dodo,DODO,0.051166,51180118,7701611.0,0.052933,0.050334,1.5673,20250914T022720Z"
"boba-network,boba,Boba Network,0.103529,51156178,9630509.0,0.106738,0.09635,7.02232,20250914T022720Z"
"unstable-coin,usduc,Unstable Coin,0.05101,51066581,3766266.0,0.05897,0.050958,-6.10224,20250914T022720Z"
"nosana,nos,Nosana,0.612129,51056212,3352049.0,0.668642,0.51194,15.42003,20250914T022720Z"
"treehouse,tree,Treehouse,0.327289,51013514,29513692.0,0.328579,0.31553,2.84966,20250914T022720Z"
"hemi,hemi,Hemi,0.052183,51008700,7633743.0,0.054755,0.04292874,21.55683,20250914T022720Z"
"lift-dollar,usdl,Lift Dollar,0.998256,50807343,74252.0,1.01,0.991907,-0.5437,20250914T022720Z"
"pinlink,pin,PinLink,0.634967,50752581,1712174.0,0.665814,0.618477,-2.3342,20250914T022720Z"
"quark-chain,qkc,QuarkChain,0.00702309,50225150,908651.0,0.00705832,0.00696067,0.54774,20250914T022720Z"
"znd-token,znd,ZND Token,0.335526,50216630,4408068.0,0.344933,0.317861,2.54604,20250914T022720Z"
"staked-stream-usd,xusd,Staked Stream USD,1.21,50122891,149909.0,0.0,0.0,0.0,20250914T022720Z"
"goldfinch,gfi,Goldfinch,0.539565,50097259,798809.0,0.551225,0.524674,-1.02512,20250914T022720Z"
"hamster-kombat,hmstr,Hamster Kombat,0.00077589,49942110,12416800.0,0.00079299,0.00076015,0.82875,20250914T022720Z"
"look,look,LOOK,0.054127,49925065,1189972.0,0.061679,0.053952,-12.24518,20250914T022720Z"
"societe-generale-forge-eurcv,eurcv,EUR CoinVertible,1.18,49443878,21761017.0,1.18,1.17,0.22886,20250914T022720Z"
"celium,sn51,Celium,21.51,49405651,472557.0,21.92,21.15,0.60995,20250914T022720Z"
"oraichain-token,orai,Oraichain,2.57,49323250,850162.0,2.67,2.56,-2.36763,20250914T022720Z"
"vitadao,vita,VitaDAO,1.89,49175499,360797.0,2.02,1.87,-1.26505,20250914T022720Z"
"sanctum-2,cloud,Cloud,0.104684,48996540,4200262.0,0.117534,0.103826,-1.70407,20250914T022720Z"
"elixir-staked-deusd,sdeusd,Elixir Staked deUSD,1.057,48934979,18090.99,1.062,1.04,0.01396,20250914T022720Z"
"apollox-2,apx,APX,0.112095,48885582,7023769.0,0.114512,0.089746,22.76051,20250914T022720Z"
"huma-finance,huma,Huma Finance,0.02817765,48841251,18891877.0,0.02829038,0.02733374,2.77131,20250914T022720Z"
"yield-optimizer-eth,yoeth,Yield Optimizer ETH,4974.84,48675479,30410.0,5054.77,4901.84,-0.46217,20250914T022720Z"
"slerf,slerf,Slerf,0.097127,48596801,4190876.0,0.09763,0.09329,0.1757,20250914T022720Z"
"sygnum-fiusd-liquidity-fund,fiusd,Sygnum FIUSD Liquidity Fund,11579.82,48588925,0.0,11579.82,11579.82,0.0,20250914T022720Z"
"bit2me,b2m,Bit2Me,0.0164215,48552437,97833.0,0.01642898,0.01613954,1.0026,20250914T022720Z"
"milady-cult-coin,cult,Milady Cult Coin,0.00105842,48506279,2869541.0,0.00108085,0.00105255,-0.78722,20250914T022720Z"
"humans-ai,heart,Humans.ai,0.00620387,48398215,285020.0,0.00628575,0.00588454,3.92641,20250914T022720Z"
"big-dog-fink,bink,Big Dog Fink,0.00032311,48373981,1965.54,0.00032479,0.00031112,0.62674,20250914T022720Z"
"maverick-protocol,mav,Maverick Protocol,0.069775,48113545,17005392.0,0.072086,0.068456,-2.09609,20250914T022720Z"
"superrare,rare,SuperRare,0.058668,48064279,11280410.0,0.058832,0.057268,1.89668,20250914T022720Z"
"usd,usd+,Overnight.fi USD+,0.99921,48047092,177255.0,1.002,0.994927,-0.09412,20250914T022720Z"
"ski-mask-dog,ski,Ski Mask Dog,0.04805085,48045846,584857.0,0.050199,0.04773872,-2.56793,20250914T022720Z"
"celer-network,celr,Celer Network,0.00850744,48004808,7129802.0,0.00858105,0.00836593,0.97037,20250914T022720Z"
"bas,bas,BNB Attestation Service,0.01935022,47974643,31211922.0,0.02071868,0.01812523,5.47593,20250914T022720Z"
"mountain-protocol-usdm,usdm,Mountain Protocol USD,0.998477,47927416,3999.98,0.99878,0.996111,-0.00197,20250914T022720Z"
"unipoly,unp,Unipoly,0.171549,47901604,454628.0,0.171767,0.167633,1.46357,20250914T022720Z"
"cjournal-2,cjl,CJournal,0.08126,47895941,11524.55,0.081364,0.080741,0.06006,20250914T022720Z"
"gods-unchained,gods,Gods Unchained,0.121257,47712547,2191694.0,0.12379,0.119915,0.4418,20250914T022720Z"
"zeus-netwok-zbtc,zbtc,Zeus Network zBTC,115868.0,47490528,3052352.0,116155.0,115040.0,0.04243,20250914T022720Z"
"avalanche-old-bridged-wbtc-avalanche,wbtc.e,Avalanche Bridged WBTC (Avalanche),116189.0,47467752,65144.0,116732.0,115133.0,-0.12899,20250914T022720Z"
"resolv,resolv,Resolv,0.164268,47356650,15922484.0,0.169762,0.158594,1.68312,20250914T022720Z"
"corgiai,corgiai,CorgiAI,0.00013717,47121995,33202.0,0.00014258,0.00013539,-3.38587,20250914T022720Z"
"ao-computer,ao,ao Computer,9.56,47048207,531704.0,9.66,9.13,4.76602,20250914T022720Z"
"kyros-restaked-sol,kysol,Kyros Restaked SOL,303.1,46939721,591643.0,303.59,290.58,1.9189,20250914T022720Z"
"byusd,byusd,BYUSD,1.0,46879753,264796.0,1.0,0.998612,0.00048,20250914T022720Z"
"defituna,tuna,DeFituna,0.165876,46710580,974743.0,0.17514,0.165586,-3.23222,20250914T022720Z"
"trufin-staked-apt,truapt,TruFin Staked APT,4.71,46516976,124.3,4.79,4.66,0.33004,20250914T022720Z"
"nusd,susd,sUSD,0.970483,46481815,554897.0,0.978555,0.962264,0.04254,20250914T022720Z"
"kernel-2,kernel,KernelDAO,0.20852,46456784,12027344.0,0.217945,0.207186,-4.32424,20250914T022720Z"
"advertise-coin,adco,Advertise Coin,1.031,46418630,15464.24,1.047,1.015,-0.61009,20250914T022720Z"
"minswap,min,Minswap,0.0257532,46411049,218671.0,0.02657732,0.02509485,-0.52349,20250914T022720Z"
"devve,devve,DevvE,0.530922,46407418,305424.0,0.547024,0.530274,-2.54263,20250914T022720Z"
"coinbase-wrapped-xrp,cbxrp,Coinbase Wrapped XRP,3.12,46355718,1290615.0,3.18,3.1,0.73882,20250914T022720Z"
"landwolf-0x67,wolf,LandWolf,5.104e-05,46043155,1545466.0,5.389e-05,5.026e-05,-3.66845,20250914T022720Z"
"sui-bridged-usdt-sui,sbusdt,Sui Bridged USDT (Sui),1.001,46019279,110936467.0,1.001,0.999812,0.00155,20250914T022720Z"
"axondao-governance-token,axgt,AxonDAO Governance Token,0.099585,45998819,285782.0,0.110168,0.093649,-2.52583,20250914T022720Z"
"openserv,serv,OpenServ,0.062796,45773538,814058.0,0.068286,0.06105,2.43703,20250914T022720Z"
"ankreth,ankreth,Ankr Staked ETH,5617.21,45737960,5301.15,5716.61,5161.89,-0.70362,20250914T022720Z"
"airtor-protocol,anyone,ANyONe Protocol,0.571468,45681797,720489.0,0.606215,0.566645,-5.06278,20250914T022720Z"
"fwog,fwog,Fwog,0.04680211,45662050,3321394.0,0.047862,0.0448058,1.92343,20250914T022720Z"
"skyai,skyai,SkyAI,0.04568304,45656849,9796599.0,0.04679027,0.04463995,2.18503,20250914T022720Z"
"polyswarm,nct,PolySwarm,0.02424038,45650985,4687637.0,0.02427766,0.02168591,11.06876,20250914T022720Z"
"dextools,dext,DexTools,0.644192,45513898,116509.0,0.6458,0.6157,2.08621,20250914T022720Z"
"keyboard-cat-base,keycat,Keyboard Cat (Base),0.00454057,45407394,1321227.0,0.00465057,0.00437675,0.11464,20250914T022720Z"
"pepeontron,pepeontron,PePeonTron,0.04535187,45351867,304959.0,0.04822305,0.04474699,-5.06032,20250914T022720Z"
"stader-maticx,maticx,Stader MaticX,0.330421,45285181,7743.68,0.334478,0.319266,3.41589,20250914T022720Z"
"puffer-finance,puffer,Puffer,0.228997,45213992,12352166.0,0.233354,0.226997,0.55448,20250914T022720Z"
"saucerswap,sauce,SaucerSwap,0.052848,45087398,432000.0,0.054072,0.052021,1.30695,20250914T022720Z"
"griffain,griffain,GRIFFAIN,0.04496139,44959016,6498298.0,0.04783003,0.04395871,0.19391,20250914T022720Z"
